	Tags	Word	ClauseBoundary
0	['ROOT', 'FRAG', 'FRAG', 'FRAG', 'CC', 'FRAG', 'FRAG', 'ADVP', 'SBAR', 'ADVP', 'RB', 'RB']	Then	False
1	['SBAR', 'WHADVP', 'S', 'WHADVP', 'WRB', 'WRB', 'WRB']	when	False
2	['WRB']	when	False
3	['S', 'NP', 'VP', 'NP', 'DT', 'NN', 'DT']	a	True
4	['NN']	person	False
5	['VP', 'VP', 'CC', 'VP', 'VP', 'VBZ', 'PRT', 'VBZ']	fills	False
6	['PRT', 'RP', 'RP']	out	False
7	['CC']	or	False
8	['VP', 'VBZ', 'S', 'VBZ']	has	False
9	['S', 'NP', 'VP', 'NP', 'JJ', 'NNS', 'JJ']	other	True
10	['NNS']	employees	False
11	['VP', 'VB', 'PRT', 'NP', 'VB']	fill	False
12	['PRT', 'RP', 'RP']	out	False
13	['NP', 'DT', 'JJ', 'CD', 'NNS', 'DT']	the	False
14	['JJ']	doubleu	False
15	['CD']	two	False
16	['NNS']	forms	False
17	['CC']	and	False
18	['FRAG', 'NP', ':', 'S', '.', 'NP', 'NN', 'NN']	everything	False
19	[':']	why	False
20	['S', 'MD', 'NP', 'VP', 'MD']	would	True
21	['NP', 'PRP', 'PRP']	I	False
22	['VP', 'VB', 'ADJP', 'VB']	become	False
23	['ADJP', 'JJ', 'PP', 'JJ']	liable	False
24	['PP', 'IN', 'NP', 'IN']	for	False
25	['NP', 'DT', 'NN', 'DT']	that	False
26	['NN']	contribution	False
27	['ROOT', 'FRAG', 'FRAG', 'ADJP', 'SBAR', '.', 'ADJP', 'WHADVP', 'JJ', 'WHADVP', 'WRB', 'WRB']	When	False
28	['JJ']	h	False
29	['SBAR', 'WHADVP', 'S', 'WHADVP', 'WRB', 'WRB']	when	False
30	['S', 'NP', 'VP', 'NP', 'NP', 'PP', 'NP', 'PRP', 'PRP']	he	True
31	['PP', 'IN', 'NP', 'IN']	in	False
32	['NP', 'NP', 'PP', 'NP', 'NN', 'NN']	fact	False
33	['PP', 'IN', 'NP', 'IN']	by	False
34	['NP', 'NN', 'NN']	law	False
35	['VP', 'VBZ', 'ADVP', 'VP', 'VBZ']	is	False
36	['ADVP', 'RB', 'RB']	now	False
37	['VP', 'VBG', 'NP', 'VBG']	employing	False
38	['NP', 'DT', 'NNS', 'DT']	those	False
39	['NNS']	employees	False
40	['ROOT', 'S', 'S', 'NP', 'VP', '.', 'NP', 'PRP', 'PRP', 'VP', 'VBZ', 'NP', 'VBZ']	He's	True
41	['NP', 'DT', 'NN', 'DT']	the	False
42	['NN']	employer	False
43	['ROOT', 'S', 'S', 'NP', 'VP', '.', 'NP', 'PRP', 'PRP']	I	True
44	['VP', 'VBP', 'VP', 'VBP']	am	False
45	['VP', 'VBG', 'NP', 'VBG']	doing	False
46	['NP', 'NN', 'NN']	nothing	False
47	['ROOT', 'SQ', 'SQ', 'VBZ', 'RB', 'NP', 'NP', '.', 'VBZ', 'RB']	Isn't	False
48	['NP', 'EX', 'EX']	there	False
49	['NP', 'NP', 'SBAR', 'NP', 'DT', 'NN', 'DT']	a	False
50	['NN']	law	False
51	['SBAR', 'WHNP', 'S', 'WHNP', 'WDT', 'WDT']	that	False
52	['S', 'VP', 'VP', 'VBZ', 'NP', 'VBZ']	states	True
53	['NP', 'DT', 'NN', 'DT']	that	False
54	['NN']	fact	False
55	['ROOT', 'FRAG', 'FRAG', 'SBAR', '.', 'SBAR', 'WHADVP', 'S', '.', 'WHADVP', 'WRB', 'WRB']	When	False
56	['S', 'NP', 'VP', 'NP', 'PRP', 'PRP']	you	True
57	['VP', 'VBP', 'S', 'VBP']	have	False
58	['S', 'NP', 'VP', 'NP', 'JJ', 'NNS', 'JJ']	uh	True
59	['NNS']	people	False
60	['VP', 'VP', 'CC', 'VP', 'VP', 'VB', 'PP', 'VB']	work	False
61	['PP', 'IN', 'NP', 'IN']	for	False
62	['NP', 'PRP', 'PRP']	you	False
63	['CC']	and	False
64	['VP', 'VB', 'PRT', 'NP', 'PP', 'VB']	fill	False
65	['PRT', 'RP', 'RP']	out	False
66	['NP', 'JJ', 'NNS', 'JJ']	specific	False
67	['NNS']	forms	False
68	['PP', 'TO', 'NP', 'TO']	to	False
69	['NP', 'NP', 'NP', 'DT', 'NN', 'DT']	the	False
70	['NN']	state	False
71	['ROOT', 'S', 'S', 'VP', '.', 'VP', 'VB', 'RB', 'VP', 'VB', 'RB']	don't	True
72	['VP', 'VB', 'PP', 'VB']	believe	False
73	['PP', 'IN', 'NP', 'IN']	in	False
74	['NP', 'DT', 'DT']	that	False
75	['ROOT', 'S', 'S', 'NP', 'VP', '.', 'NP', 'DT', 'DT', 'VP', 'VBZ', 'ADVP', 'SBAR', 'VBZ']	That's	True
76	['ADVP', 'RB', 'RB']	probably	False
77	['SBAR', 'WHADVP', 'S', 'WHADVP', 'WRB', 'WRB']	why	False
78	['S', 'NP', 'VP', 'NP', 'PRP', 'PRP', 'VP', 'MD', 'ADVP', 'VP', 'MD']	I'll	True
79	['ADVP', 'RB', 'RB']	always	False
80	['VP', 'VB', 'ADJP', 'VB']	be	False
81	['ADJP', 'JJ', 'JJ']	poor	False
82	['ROOT', 'S', 'S', 'CC', 'NP', 'VP', '.', 'CC']	But	True
83	['NP', 'PRP', 'PRP']	I	False
84	['VP', 'VBP', 'NP', 'VBP']	do	False
85	['NP', 'DT', 'JJ', 'NN', 'NN', 'DT']	a	False
86	['JJ']	lotta	False
87	['NN']	horse	False
88	['NN']	rescue	False
89	['ROOT', 'S', 'S', 'NP', 'VP', '.', 'NP', 'PRP', 'PRP', 'VP', 'VBP', 'VP', 'VBP']	I've	True
90	['VP', 'VBN', 'NP', 'PP', 'VBN']	bought	False
91	['NP', 'DT', 'NN', 'DT']	a	False
92	['NN']	lot	False
93	['PP', 'IN', 'NP', 'IN']	from	False
94	['NP', 'DT', 'NNS', 'DT']	the	False
95	['NNS']	killers	False
96	['ROOT', 'S', 'S', 'NP', 'VP', '.', 'NP', 'NP', 'PP', 'NP', 'NNP', 'NNP']	Um	True
97	['PP', 'IN', 'NP', 'IN']	in	False
98	['NP', 'NP', 'SBAR', 'NP', 'NN', 'NN']	fact	False
99	['SBAR', 'S', 'S', 'NP', 'VP', 'NP', 'NP', 'PP', 'NP', 'DT', 'JJ', 'NN', 'DT']	this	True
100	['JJ']	black	False
101	['NN']	horse	False
102	['PP', 'IN', 'NP', 'IN']	of	False
103	['NP', 'PRP$', 'NN', 'PRP$']	my	False
104	['NN', 'VP', 'VBZ', 'VP', 'VBZ']	roommate's	False
105	['VP', 'VBD', 'PP', 'VBD']	came	False
106	['PP', 'IN', 'NP', 'IN']	from	False
107	['NP', 'PRP', 'PRP']	he	False
108	['VP', 'VBD', 'VP', 'VBD']	was	False
109	['VP', 'VBG', 'PP', 'ADVP', 'VBG']	going	False
110	['PP', 'TO', 'NP', 'TO']	to	False
111	['NP', 'NP', 'CD', 'NNS', 'NP', 'DT', 'NN', 'POS', 'DT']	the	False
112	['NN', 'POS']	killer's	False
113	['CD']	four	False
114	['NNS']	years	False
115	['ADVP', 'IN', 'IN']	ago	False
116	['ROOT', 'NP', 'NP', 'RB', 'DT', 'NN', '.', 'RB']	Not	False
117	['DT']	this	False
118	['NN']	one	False
119	['ROOT', 'NP', 'NP', 'DT', 'NN', 'SBAR', '.', 'DT']	The	False
120	['NN']	one	False
121	['SBAR', 'WHNP', 'S', 'WHNP', 'WDT', 'WDT']	that	False
122	['S', 'VP', 'VP', 'VBZ', 'ADJP', 'ADVP', 'VBZ']	is	True
123	['ADJP', 'RB', 'JJ', 'RB']	b	False
124	['JJ']	blind	False
125	['ADVP', 'RB', 'RB']	now	False
126	['ROOT', 'S', 'S', 'CC', 'NP', 'VP', '.', 'CC']	And	True
127	['NP', 'PRP', 'PRP']	he	False
128	['VP', 'VBD', 'VP', 'VBD']	was	False
129	['VP', 'VBN', 'NP', 'VBN']	considered	False
130	['NP', 'DT', 'NN', 'DT']	a	False
131	['NN']	killer	False
132	['ROOT', 'NP', 'NP', 'DT', 'NN', '.', 'DT']	An	False
133	['NN']	unmanageable	False
134	['ROOT', 'S', 'S', 'CC', 'NP', 'VP', '.', 'CC']	And	True
135	['NP', 'PRP', 'PRP', 'VP', 'VBZ', 'VP', 'VBZ']	he's	False
136	['VP', 'VBN', 'ADJP', 'VBN']	been	False
137	['ADJP', 'RB', 'JJ', 'SBAR', 'RB']	perfectly	False
138	['JJ']	lovely	False
139	['SBAR', 'S', 'S', 'NP', 'VP', '.', 'NP', 'PRP', 'PRP']	I	True
140	['VP', 'VBP', 'NP', 'NP', 'VBP']	give	False
141	['NP', 'DT', 'JJ', 'NNS', 'DT']	the	False
142	['JJ']	little	False
143	['NNS']	kids	False
144	['NP', 'NP', 'PP', 'NP', 'NNS', 'NNS']	lessons	False
145	['PP', 'IN', 'NP', 'IN']	on	False
146	['NP', 'PRP', 'PRP']	him	False
147	['ROOT', 'S', 'S', 'ADVP', 'NP', 'VP', '.', 'ADVP', 'RB', 'RB']	Anyway	True
148	['NP', 'DT', 'NN', 'DT']	this	False
149	['NN']	girl	False
150	['VP', 'MD', 'ADVP', 'VP', 'MD']	must	False
151	['ADVP', 'RB', 'RB']	only	False
152	['VP', 'VB', 'PP', 'VB']	weigh	False
153	['PP', 'IN', 'NP', 'IN']	like	False
154	['NP', 'DT', 'CD', 'CC', 'CD', 'NNS', 'DT']	a	False
155	['CD']	hundred	False
156	['CC']	and	False
157	['CD']	ten	False
158	['NNS']	pounds	False
159	['ROOT', 'S', 'S', 'NP', 'VP', '.', 'NP', 'PRP', 'PRP']	I	True
160	['VP', 'VBP', 'SBAR', 'VBP']	mean	False
161	['SBAR', 'S', 'S', 'NP', 'VP', 'NP', 'PRP', 'PRP', 'VP', 'VBZ', 'ADVP', 'NP', 'VBZ']	she's	True
162	['ADVP', 'RB', 'RB']	just	False
163	['NP', 'DT', 'JJ', 'NN', 'DT']	a	False
164	['JJ']	little	False
165	['NN']	shit	False
166	['ROOT', 'S', 'S', 'S', 'CC', 'S', '.', 'S', 'CC', 'NP', 'VP', 'CC']	and	True
167	['NP', 'PRP', 'PRP', 'VP', 'VBZ', 'PP', 'VBZ']	she's	False
168	['PP', 'IN', 'NP', 'IN']	out	False
169	['NP', 'RB', 'RB']	there	False
170	['CC']	and	False
171	['S', 'NP', 'VP', 'NP', 'PRP', 'PRP', 'VP', 'VBZ', 'VP', 'VBZ']	she's	True
172	['VP', 'VBN', 'NP', 'VBN']	got	False
173	['NP', 'JJ', 'NNS', 'JJ']	huge	False
174	['NNS']	arms	False
175	['ROOT', 'S', 'S', 'NP', 'VP', '.', 'NP', 'PRP', 'PRP']	I	True
176	['VP', 'VBP', 'SBAR', 'VBP']	mean	False
177	['SBAR', 'S', 'S', 'NP', 'VP', 'NP', 'PRP', 'PRP', 'VP', 'VBZ', 'PP', 'SBAR', 'VBZ']	she's	True
178	['PP', 'IN', 'NP', 'IN']	in	False
179	['NP', 'NN', 'NN']	shape	False
180	['SBAR', 'IN', 'S', 'IN']	like	False
181	['S', 'NP', 'VP', 'NP', 'PRP', 'PRP']	you	True
182	['VP', 'MD', 'RB', 'VP', 'MD', 'RB']	can't	False
183	['VP', 'VB', 'VB']	believe	False
184	['ROOT', 'S', 'S', 'NP', 'VP', '.', 'NP', 'PRP', 'PRP', 'VP', 'VBZ', 'ADVP', 'VP', 'VBZ']	She's	True
185	['ADVP', 'IN', 'RB', 'IN']	out	False
186	['RB']	there	False
187	['VP', 'ADVP', 'VBG', 'PRT', 'ADVP', 'RB', 'RB']	just	False
188	['VBG']	working	False
189	['PRT', 'RP', 'RP']	away	False
190	['ROOT', 'S', 'S', 'CC', 'NP', 'VP', '.', 'CC']	And	True
191	['NP', 'DT', 'NNS', 'DT']	those	False
192	['NNS']	guys	False
193	['VP', 'VBP', 'ADJP', 'VBP']	are	False
194	['ADJP', 'RB', 'VBN', 'PP', 'SBAR', 'RB']	so	False
195	['VBN']	used	False
196	['PP', 'TO', 'NP', 'TO']	to	False
197	['NP', 'PRP', 'PRP']	it	False
198	['SBAR', 'IN', 'S', 'IN']	that	False
199	['S', 'NP', 'VP', 'NP', 'PRP', 'PRP']	they	True
200	['VP', 'VBP', 'NP', 'ADVP', 'VBP']	do	False
201	['NP', 'PRP', 'PRP']	it	False
202	['ADVP', 'NP', 'RB', 'NP', 'DT', 'NN', 'DT']	all	False
203	['NN']	day	False
204	['RB']	long	False
205	['ROOT', 'S', 'S', 'NP', 'VP', '.', '.', 'NP', 'PRP', 'PRP']	you	True
206	['VP', 'VBP', 'VBP']	know	False
207	['ROOT', 'S', 'S', 'NP', 'VP', '.', 'NP', 'PRP', 'PRP']	I	True
208	['VP', 'VBD', 'SBAR', 'VBD']	came	False
209	['SBAR', 'S', 'S', 'S', 'CC', 'S', 'S', 'ADVP', 'NP', 'VP', 'ADVP', 'RB', 'RB']	back	True
210	['NP', 'PRP', 'PRP']	I	False
211	['VP', 'VBD', 'PP', 'PP', 'VBD']	went	False
212	['PP', 'TO', 'NP', 'TO']	to	False
213	['NP', 'NN', 'NN']	school	False
214	['PP', 'IN', 'NP', 'IN']	for	False
215	['NP', 'NP', 'SBAR', 'NP', 'DT', 'JJ', 'NNS', 'DT']	a	False
216	['JJ']	few	False
217	['NNS']	months	False
218	['SBAR', 'S', 'S', 'NP', 'VP', 'NP', 'PRP', 'PRP']	I	True
219	['VP', 'VBD', 'VP', 'VBD']	was	False
220	['VP', 'VBN', 'PP', 'VBN']	involved	False
221	['PP', 'IN', 'S', 'IN']	in	False
222	['S', 'S', 'CC', 'S', 'CC', 'S', 'S', 'INTJ', 'NP', 'VP', 'INTJ', 'UH', 'UH']	uh	True
223	['NP', 'PRP', 'PRP']	I	False
224	['VP', 'VBD', 'NP', 'VBD']	was	False
225	['NP', 'NP', 'PP', 'SBAR', 'NP', 'JJ', 'NN', 'JJ']	second	False
226	['NN']	mate	False
227	['PP', 'IN', 'NP', 'IN']	in	False
228	['NP', 'NP', 'PP', 'NP', 'DT', 'NN', 'DT']	a	False
229	['NN']	ship	False
230	['PP', 'IN', 'NP', 'IN']	at	False
231	['NP', 'NP', 'PP', 'NP', 'DT', 'NN', 'DT']	the	False
232	['NN']	uh	False
233	['PP', 'IN', 'NP', 'IN']	in	False
234	['NP', 'NNP', 'NNP']	Normandy	False
235	['SBAR', 'S', 'S', 'NP', 'VP', 'NP', 'PRP', 'PRP']	We	True
236	['VP', 'VBD', 'NP', 'PP', 'S', 'VBD']	made	False
237	['NP', 'CD', 'NNS', 'CD']	twelve	False
238	['NNS']	trips	False
239	['PP', 'IN', 'NP', 'IN']	from	False
240	['NP', 'NNP', 'NNP']	Southampton	False
241	['S', 'VP', 'VP', 'TO', 'VP', 'TO']	to	True
242	['VP', 'VB', 'NP', 'SBAR', 'VB']	uh	False
243	['NP', 'DT', 'NNS', 'DT']	the	False
244	['NNS']	beaches	False
245	['SBAR', 'IN', 'S', 'IN']	until	False
246	['S', 'NP', 'VP', 'NP', 'PRP', 'PRP']	we	True
247	['VP', 'VBD', 'PP', 'VBD']	were	False
248	['PP', 'IN', 'NP', 'IN']	in	False
249	['NP', 'DT', 'NN', 'DT']	a	False
250	['NN']	collision	False
251	['CC']	and	False
252	['S', 'ADVP', 'NP', 'VP', 'ADVP', 'RB', 'RB']	then	True
253	['NP', 'PRP', 'PRP']	they	False
254	['VP', 'VBD', 'SBAR', 'VBD']	sent	False
255	['SBAR', 'S', 'S', 'S', 'CC', 'S', 'S', 'NP', 'ADVP', 'VP', 'NP', 'PRP', 'PRP']	us	True
256	['ADVP', 'RB', 'RB']	home	False
257	['VP', 'VBD', 'SBAR', 'VBD']	patched	False
258	['SBAR', 'S', 'S', 'NP', 'VP', 'NP', 'PRP', 'PRP']	us	True
259	['VP', 'ADVP', 'VBD', 'NP', 'NP', 'ADVP', 'RB', 'RB']	up	False
260	['VBD']	sent	False
261	['NP', 'PRP', 'PRP']	us	False
262	['NP', 'NN', 'NN']	home	False
263	['CC']	and	False
264	['S', 'ADVP', 'NP', 'VP', 'ADVP', 'RB', 'RB']	then	True
265	['NP', 'PRP', 'PRP']	I	False
266	['VP', 'VBD', 'ADVP', 'PP', 'VBD']	came	False
267	['ADVP', 'RB', 'RB']	back	False
268	['PP', 'IN', 'NP', 'IN']	into	False
269	['NP', 'NNP', 'NNP']	Italy	False
270	['CC']	and	False
271	['S', 'NP', 'VP', 'NP', 'PRP', 'PRP']	we	True
272	['VP', 'VBD', 'PP', 'VBD']	went	False
273	['PP', 'IN', 'NP', 'IN']	into	False
274	['NP', 'NP', 'PP', 'NP', 'DT', 'NN', 'DT']	the	False
275	['NN']	invasion	False
276	['PP', 'IN', 'NP', 'IN']	of	False
277	['NP', 'JJ', 'NNP', 'JJ']	south	False
278	['NNP']	France	False
279	['CC']	and	False
280	['S', 'NP', 'VP', 'NP', 'PRP', 'PRP']	we	True
281	['VP', 'VBD', 'PP', 'NP', 'VBD']	went	False
282	['PP', 'IN', 'NP', 'IN']	across	False
283	['NP', 'DT', 'NN', 'DT']	the	False
284	['NN']	uh	False
285	['NP', 'DT', 'NNP', 'CC', 'NNP', 'DT']	the	False
286	['NNP']	Atlantic	False
287	['CC']	and	False
288	['NNP']	Pacific	False
289	['ROOT', 'S', 'S', 'CC', 'NP', 'VP', '.', 'CC']	And	True
290	['NP', 'PRP', 'PRP']	they	False
291	['VP', 'VBD', 'PRT', 'SBAR', 'VBD']	came	False
292	['PRT', 'RP', 'RP']	out	False
293	['SBAR', 'S', 'S', 'NP', 'VP', 'NP', 'PRP', 'PRP']	it	True
294	['VP', 'VBZ', 'SBAR', 'VBZ']	says	False
295	['SBAR', 'S', 'S', 'NP', 'VP', 'NP', 'PRP', 'PRP']	they	True
296	['VP', 'VBD', 'ADJP', 'VBD']	were	False
297	['ADJP', 'JJ', 'RB', 'JJ']	afraid	False
298	['RB']	too	False
299	['ROOT', 'S', 'S', 'NP', 'VP', '.', 'NP', 'PRP', 'PRP']	They	True
300	['VP', 'VBD', 'ADJP', 'VBD']	were	False
301	['ADJP', 'JJ', 'JJ']	afraid	False
302	['ROOT', 'FRAG', 'FRAG', 'ADVP', 'SBAR', '.', 'ADVP', 'RB', 'RB']	Just	False
303	['SBAR', 'IN', 'S', 'IN']	like	False
304	['S', 'NP', 'VP', 'NP', 'DT', 'NNS', 'DT']	the	True
305	['NNS']	disciples	False
306	['VP', 'VBD', 'ADJP', 'VBD']	were	False
307	['ADJP', 'JJ', 'JJ']	afraid	False
308	['ROOT', 'S', 'S', 'S', 'CC', 'S', '.', 'S', 'NP', 'VP', 'NP', 'PRP', 'PRP']	They	True
309	['VP', 'VBD', 'ADJP', 'VBD']	were	False
310	['ADJP', 'JJ', 'JJ']	afraid	False
311	['CC']	and	False
312	['S', 'NP', 'VP', 'NP', 'PRP', 'PRP']	they	True
313	['VP', 'VBD', 'S', 'VBD']	asked	False
314	['S', 'NP', 'VP', 'NP', 'NNP', 'NNP']	Jesus	True
315	['VP', 'TO', 'VP', 'TO']	to	False
316	['VP', 'VB', 'NP', 'VB']	leave	False
317	['NP', 'DT', 'NN', 'DT']	the	False
318	['NN']	region	False
319	['ROOT', 'S', 'S', 'NP', 'VP', '.', 'NP', 'PRP', 'PRP']	You	True
320	['VP', 'VBP', 'SBAR', 'VBP']	know	False
321	['SBAR', 'SBAR', 'CC', 'SBAR', 'SBAR', 'S', 'S', 'NP', 'VP', 'NP', 'PRP', 'PRP', 'VP', 'VBZ', 'ADJP', 'VBZ']	it's	True
322	['ADJP', 'JJ', 'JJ']	amazing	False
323	['CC']	but	False
324	['SBAR', 'WHNP', 'S', 'WHNP', 'WDT', 'WDT']	that	False
325	['S', 'VP', 'VP', 'VBP', 'VBP']	fear	True
326	['ROOT', 'FRAG', 'FRAG', 'SBAR', '.', 'SBAR', 'IN', 'S', 'IN']	because	False
327	['S', 'NP', 'VP', 'NP', 'PRP', 'PRP']	they	True
328	['VP', 'VBD', 'RB', 'VP', 'VBD', 'RB']	didn't	False
329	['VP', 'VB', 'VB']	understand	False
330	['ROOT', 'S', 'S', 'CC', 'NP', 'VP', '.', 'CC']	And	True
331	['NP', 'PRP', 'PRP']	they	False
332	['VP', 'VBD', 'S', 'VBD']	wanted	False
333	['S', 'VP', 'VP', 'TO', 'VP', 'TO']	to	True
334	['VP', 'VB', 'VB']	control	False
335	['ROOT', 'NP', 'NP', 'DT', 'NN', '.', 'DT']	the	False
336	['NN']	situation	False
337	['ROOT', 'S', 'S', 'NP', 'VP', '.', 'NP', 'PRP', 'PRP']	You	True
338	['VP', 'VBP', 'SBAR', 'VBP']	know	False
339	['SBAR', 'S', 'S', 'NP', 'VP', '.', 'NP', 'NN', 'NN']	fear	True
340	['VP', 'VBZ', 'NP', 'VBZ']	is	False
341	['NP', 'NN', 'JJ', 'NN']	so	False
342	['JJ']	crippling	False
343	['ROOT', 'S', 'S', 'S', 'CC', 'ADVP', 'S', '.', 'S', 'NP', 'VP', 'NP', 'PRP', 'PRP', 'VP', 'MD', 'VP', 'MD']	They'll	True
344	['VP', 'VB', 'PRT', 'PP', 'VB']	fall	False
345	['PRT', 'RP', 'RP']	back	False
346	['PP', 'IN', 'NP', 'IN']	under	False
347	['NP', 'DT', 'JJ', 'NN', 'DT']	the	False
348	['JJ']	forty	False
349	['NN']	percent	False
350	['CC']	But	False
351	['ADVP', 'RB', 'RB', 'RB']	right	False
352	['RB']	now	False
353	['S', 'NP', 'VP', 'NP', 'PRP', 'PRP', 'VP', 'VBP', 'PP', 'SBAR', 'VBP']	they're	True
354	['PP', 'IN', 'NP', 'IN']	over	False
355	['NP', 'DT', 'NN', 'DT']	the	False
356	['NN']	forty	False
357	['SBAR', 'IN', 'S', 'IN']	because	False
358	['S', 'NP', 'ADVP', 'VP', 'NP', 'PRP', 'PRP']	we	True
359	['ADVP', 'RB', 'RB']	st	False
360	['VP', 'MD', 'RB', 'VP', 'MD', 'RB']	can't	False
361	['VP', 'VB', 'NP', 'PP', 'VB']	show	False
362	['NP', 'DT', 'NN', 'DT']	any	False
363	['NN']	income	False
364	['PP', 'IN', 'NP', 'IN']	from	False
365	['NP', 'DT', 'NN', 'DT']	the	False
366	['NN']	daycare	False
367	['ROOT', 'S', 'S', 'VP', '.', 'VP', 'VB', 'SBAR', 'VB']	Um	True
368	['SBAR', 'SINV', 'SINV', 'S', 'VP', 'NP', '.', 'S', 'CC', 'NP', 'VP', 'CC']	but	True
369	['NP', 'PRP', 'PRP']	you	False
370	['VP', 'VBP', 'S', 'SBAR', 'VBP']	know	False
371	['S', 'NP', 'NP', 'NP', 'PRP', 'PRP']	it	True
372	['NP', 'PRP', 'PRP']	it	False
373	['SBAR', 'SBAR', 'CC', 'SBAR', 'SBAR', 'S', 'S', 'NP', 'VP', 'NP', 'PRP', 'PRP']	you	True
374	['VP', 'VBP', 'SBAR', 'VBP']	know	False
375	['SBAR', 'S', 'S', 'NP', 'VP', 'NP', 'PRP', 'PRP']	I	True
376	['VP', 'VBP', 'ADJP', 'VBP']	feel	False
377	['ADJP', 'JJ', 'SBAR', 'JJ']	comfortable	False
378	['SBAR', 'IN', 'S', 'IN']	that	False
379	['S', 'NP', 'VP', 'NP', 'PRP', 'PRP', 'VP', 'VBZ', 'ADVP', 'VBZ']	it's	True
380	['ADVP', 'RB', 'RB']	there	False
381	['CC']	and	False
382	['SBAR', 'IN', 'S', 'IN']	like	False
383	['S', 'NP', 'VP', 'NP', 'PRP', 'PRP']	I	True
384	['VP', 'VBP', 'SBAR', 'VBP']	say	False
385	['SBAR', 'S', 'S', 'NP', 'VP', 'NP', 'PRP', 'PRP', 'VP', 'VBZ', 'ADVP', 'VP', 'VBZ']	he's	True
386	['ADVP', 'RB', 'RB']	always	False
387	['VP', 'VBN', 'NP', 'SBAR', 'VBN']	serviced	False
388	['NP', 'NN', 'NN']	debt	False
389	['SBAR', 'IN', 'S', 'IN']	as	False
390	['S', 'S', 'CC', 'S', 'S', 'VP', 'VP', 'VBN', 'VBN']	agreed	True
391	['CC']	and	False
392	['S', 'CC', 'S', 'CC']	and	True
393	['S', 'NP', 'VP', 'NP', 'PRP$', 'JJ', 'NN', 'PRP$']	his	True
394	['JJ']	overall	False
395	['NN']	debt	False
396	['VP', 'VBZ', 'VP', 'VBZ']	is	False
397	['VP', 'VBG', 'PRT', 'NP', 'VBG']	working	False
398	['PRT', 'RP', 'RP']	down	False
399	['NP', 'PRP', 'PRP', 'VP', 'VBZ', 'VBZ']	it's	False
400	['NP', 'NP', 'PP', 'NP', 'RB', 'PDT', 'DT', 'NN', 'RB']	just	False
401	['PDT']	quite	False
402	['DT']	a	False
403	['NN']	bit	False
404	['PP', 'IN', 'NP', 'IN']	of	False
405	['NP', 'NN', 'NN']	debt	False
406	['ROOT', 'S', 'S', 'S', 'CC', 'S', '.', 'S', 'NP', 'VP', 'NP', 'PRP', 'PRP']	I	True
407	['VP', 'VBD', 'VBD']	said	False
408	['CC']	and	False
409	['S', 'NP', 'VP', 'NP', 'PRP', 'PRP']	you	True
410	['VP', 'VBP', 'RB', 'VP', 'VBP', 'RB']	don't	False
411	['VP', 'VB', 'S', 'VB']	want	False
412	['S', 'NP', 'VP', 'NP', 'PRP', 'PRP']	him	True
413	['VP', 'TO', 'VP', 'TO']	to	False
414	['VP', 'VB', 'VB']	spook	False
415	['ROOT', 'S', 'S', 'NP', 'VP', '.', 'NP', 'PRP', 'PRP']	He	True
416	['VP', 'VBD', 'NP', 'VBD']	said	False
417	['NP', 'NP', 'SBAR', 'NP', 'NN', 'NN']	nah	False
418	['SBAR', 'S', 'S', 'NP', 'VP', 'NP', 'PRP', 'PRP', 'VP', 'VBZ', 'VP', 'VBZ']	he's	True
419	['VP', 'VBG', 'S', 'VBG', 'S', 'VP', 'VP', 'TO', 'VP', 'TO']	gonna	True
420	['VP', 'VB', 'ADJP', 'VB']	be	False
421	['ADJP', 'RB', 'JJ', 'RB']	just	False
422	['JJ']	fine	False
423	['ROOT', 'S', 'S', 'NP', 'VP', '.', 'NP', 'PRP', 'PRP']	He	True
424	['VP', 'VBD', 'NP', 'PP', 'VBD']	hooked	False
425	['NP', 'PRP', 'PRP']	him	False
426	['PP', 'TO', 'NP', 'TO']	to	False
427	['NP', 'NP', 'SBAR', 'NP', 'DT', 'NN', 'DT']	the	False
428	['NN']	cart	False
429	['SBAR', 'S', 'S', 'NP', 'VP', 'NP', 'PRP', 'PRP']	He	True
430	['VP', 'VBD', 'SBAR', 'VBD']	got	False
431	['SBAR', 'IN', 'S', 'IN']	in	False
432	['S', 'VP', 'VP', 'VBD', 'SBAR', 'VBD']	told	True
433	['SBAR', 'S', 'S', 'NP', 'VP', 'NP', 'PRP', 'PRP']	me	True
434	['VP', 'VBP', 'S', 'VBP']	let	False
435	['S', 'VP', 'VP', 'VB', 'SBAR', 'VB']	go	True
436	['SBAR', 'S', 'S', 'NP', 'VP', 'NP', 'PRP', 'PRP']	I	True
437	['VP', 'VBD', 'PRT', 'NP', 'VBD']	stepped	False
438	['PRT', 'RP', 'RP']	back	False
439	['NP', 'NP', 'SBAR', 'NP', 'CD', 'NNS', 'CD']	two	False
440	['NNS']	steps	False
441	['SBAR', 'S', 'S', 'NP', 'VP', 'NP', 'DT', 'NN', 'DT']	the	True
442	['NN']	horse	False
443	['VP', 'VBD', 'SBAR', 'VBD']	took	False
444	['SBAR', 'S', 'S', 'NP', 'VP', 'NP', 'CD', 'NNS', 'CD']	two	True
445	['NNS']	steps	False
446	['VP', 'VBD', 'SBAR', 'VBD']	bucked	False
447	['SBAR', 'S', 'S', 'VP', 'VP', 'VBD', 'SBAR', 'VBD']	kicked	True
448	['SBAR', 'S', 'S', 'NP', 'VP', 'NP', 'NP', 'PP', 'NP', 'DT', 'NN', 'DT']	the	True
449	['NN']	guy	False
450	['PP', 'RB', 'IN', 'NP', 'RB']	out	False
451	['IN']	of	False
452	['NP', 'DT', 'NN', 'DT']	the	False
453	['NN']	cart	False
454	['VP', 'VBD', 'PRT', 'SBAR', 'VBD']	took	False
455	['PRT', 'RP', 'RP']	off	False
456	['SBAR', 'S', 'S', 'NP', 'VP', 'NP', 'DT', 'NN', 'NN', 'DT']	the	True
457	['NN']	barn	False
458	['NN']	door	False
459	['VP', 'VBD', 'ADJP', 'VBD']	was	False
460	['ADJP', 'JJ', 'JJ']	open	False
461	['ROOT', 'S', 'S', 'NP', 'VP', '.', 'NP', 'DT', 'DT']	This	True
462	['VP', 'VBD', 'S', 'VBD']	used	False
463	['S', 'VP', 'VP', 'TO', 'VP', 'TO']	to	True
464	['VP', 'VB', 'VP', 'VB']	be	False
465	['VP', 'VBN', 'ADVP', 'ADVP', 'VBN']	set	False
466	['ADVP', 'RB', 'NP', 'RB']	up	False
467	['NP', 'DT', 'RB', 'DT']	a	False
468	['RB']	little	False
469	['ADVP', 'RB', 'RB']	differently	False
470	['ROOT', 'S', 'S', 'VP', '.', 'VP', 'VB', 'VB']	Um	True
471	['ROOT', 'S', 'S', 'NP', 'VP', '.', 'NP', 'PRP', 'PRP']	They	True
472	['VP', 'VBD', 'PP', 'PP', 'VBD']	went	False
473	['PP', 'IN', 'NP', 'IN']	in	False
474	['NP', 'CD', 'NNS', 'CD']	five	False
475	['NNS']	inches	False
476	['PP', 'IN', 'NP', 'IN']	on	False
477	['NP', 'DT', 'CD', 'JJ', 'NNS', 'DT']	the	False
478	['CD']	two	False
479	['JJ']	outside	False
480	['NNS']	walls	False
481	['ROOT', 'S', 'S', 'NP', 'VP', '.', 'NP', 'PRP', 'PRP']	They	True
482	['VP', 'VBD', 'PP', 'VBD']	put	False
483	['PP', 'IN', 'NP', 'IN']	in	False
484	['NP', 'NP', 'VP', 'NP', 'PRP', 'PRP']	they	False
485	['VP', 'VBN', 'NP', 'PP', 'VBN']	studded	False
486	['NP', 'DT', 'JJ', 'NNS', 'DT']	the	False
487	['JJ']	outside	False
488	['NNS']	walls	False
489	['PP', 'IN', 'NP', 'IN']	from	False
490	['NP', 'DT', 'NN', 'DT']	the	False
491	['NN']	inside	False
492	['ROOT', 'S', 'S', 'NP', 'VP', '.', 'NP', 'PRP', 'PRP']	You	True
493	['VP', 'VBP', 'NP', 'VBP']	know	False
494	['NP', 'NP', 'PP', 'NP', 'DT', 'NN', 'DT']	the	False
495	['NN']	inside	False
496	['PP', 'IN', 'NP', 'IN']	of	False
497	['NP', 'DT', 'NN', 'DT']	the	False
498	['NN']	room	False
499	['ROOT', 'S', 'S', 'S', 'CC', 'RB', 'S', '.', 'S', 'FRAG', 'NP', 'VP', 'FRAG', 'NP', 'CC', 'RB', 'NP', 'NNP', 'NNP']	Um	True
500	['CC']	and	False
501	['RB']	then	False
502	['NP', 'PRP', 'PRP']	they	False
503	['VP', 'VBD', 'NP', 'VBD']	put	False
504	['NP', 'NN', 'NN']	insulation	False
505	['CC']	and	False
506	['RB']	then	False
507	['S', 'NP', 'VP', 'NP', 'PRP', 'PRP']	they	True
508	['VP', 'VBD', 'NP', 'VBD']	put	False
509	['NP', 'NN', 'NNS', 'NN']	soundproof	False
510	['NNS']	boards	False
511	['ROOT', 'S', 'S', 'RB', 'NP', 'VP', '.', 'RB']	Then	True
512	['NP', 'PRP', 'PRP']	they	False
513	['VP', 'VBD', 'NP', 'VBD']	put	False
514	['NP', 'NP', 'PP', 'NP', 'CD', 'NNS', 'CD']	two	False
515	['NNS']	layers	False
516	['PP', 'IN', 'NP', 'IN']	of	False
517	['NP', 'JJ', 'NN', 'JJ']	three	False
518	['NP', 'JJ', 'NN', 'JJ']	quarter	False
519	['NP', 'JJ', 'NN', 'JJ']	inch	False
520	['NN']	drywall	False
521	['ROOT', 'S', 'S', 'CC', 'ADVP', 'NP', 'VP', '.', 'CC']	And	True
522	['ADVP', 'RB', 'RB']	then	False
523	['NP', 'PRP', 'PRP']	they	False
524	['VP', 'VBD', 'SBAR', 'VBD']	taped	False
525	['SBAR', 'S', 'S', 'NP', 'VP', 'NP', 'PRP', 'PRP']	it	True
526	['VP', 'ADVP', 'VBN', 'NP', 'ADVP', 'DT', 'CC', 'NN', 'DT']	all	False
527	['CC']	and	False
528	['NN']	skim	False
529	['VBN']	coated	False
530	['NP', 'PRP', 'PRP']	it	False
531	['ROOT', 'S', 'S', 'NP', 'VP', '.', '.', 'NP', 'PRP', 'PRP', 'VP', 'VBZ', 'ADJP', 'VBZ']	It's	True
532	['ADJP', 'JJ', 'JJ']	beautiful	False
533	['ROOT', 'S', 'S', 'NP', 'VP', '.', 'NP', 'PRP', 'PRP']	It	True
534	['VP', 'VBD', 'NP', 'VBD']	was	False
535	['NP', 'NP', 'SBAR', 'NP', 'DT', 'NN', 'DT']	a	False
536	['NN']	business	False
537	['SBAR', 'S', 'S', 'S', 'CC', 'S', 'S', 'INTJ', 'NP', 'VP', 'INTJ', 'UH', 'UH']	No	True
538	['NP', 'PRP', 'PRP']	it	False
539	['VP', 'VBD', 'NP', 'VBD']	was	False
540	['NP', 'DT', 'NN', 'NN', 'NN', 'DT']	a	False
541	['NN']	business	False
542	['NN']	uh	False
543	['NN']	bankruptcy	False
544	['CC']	and	False
545	['S', 'NP', 'VP', 'NP', 'PRP', 'PRP']	it	True
546	['VP', 'VBD', 'ADJP', 'VBD']	was	False
547	['ADJP', 'JJ', 'SBAR', 'JJ']	pretty	False
548	['SBAR', 'S', 'S', 'VP', 'VP', 'VP', 'CC', 'VP', 'VP', 'VBD', 'VBD']	cut	True
549	['CC']	and	False
550	['VP', 'VBD', 'SBAR', 'VBD']	dried	False
551	['SBAR', 'S', 'S', 'S', 'CC', 'S', 'S', 'NP', 'ADVP', 'VP', 'NP', 'PRP', 'PRP']	they	True
552	['ADVP', 'RB', 'RB']	just	False
553	['VP', 'VBD', 'VP', 'VBD']	were	False
554	['VP', 'VBG', 'NP', 'VBG']	eliminating	False
555	['NP', 'DT', 'NN', 'NN', 'NN', 'DT']	the	False
556	['NN']	business	False
557	['NN']	um	False
558	['NN']	debt	False
559	['CC']	and	False
560	['S', 'ADVP', 'NP', 'VP', 'ADVP', 'RB', 'RB']	apparently	True
561	['NP', 'NN', 'NN']	nobody	False
562	['VP', 'VBD', 'PP', 'VBD']	objected	False
563	['PP', 'TO', 'NP', 'TO']	to	False
564	['NP', 'DT', 'DT', 'NN', 'DT']	the	False
565	['DT']	the	False
566	['NN']	bankruptcy	False
567	['ROOT', 'FRAG', 'FRAG', 'SBAR', '.', 'SBAR', 'IN', 'S', 'IN']	Since	False
568	['S', 'NP', 'VP', 'NP', 'PRP', 'PRP']	they	True
569	['VP', 'VBD', 'PP', 'VBD']	reaffirmed	False
570	['PP', 'IN', 'NP', 'IN']	with	False
571	['NP', 'PRP$', 'JJ', 'NNS', 'PRP$']	their	False
572	['JJ']	secured	False
573	['NNS']	creditors	False
574	['ROOT', 'S', 'S', 'NP', 'VP', '.', 'NP', 'NP', 'SBAR', 'NP', 'PDT', 'DT', 'NN', 'PDT']	All	True
575	['DT']	the	False
576	['NN']	debt	False
577	['SBAR', 'WHNP', 'S', 'WHNP', 'WDT', 'WDT']	that	False
578	['S', 'VP', 'VP', 'VBD', 'VP', 'VBD']	was	True
579	['VP', 'VBN', 'SBAR', 'VBN']	charged	False
580	['SBAR', 'IN', 'S', 'IN']	that	False
581	['S', 'VP', 'VP', 'VBD', 'NP', 'VBD']	was	True
582	['NP', 'NN', 'NN']	bank	False
583	['VP', 'VBD', 'SBAR', 'VBD']	filed	False
584	['SBAR', 'S', 'S', 'NP', 'VP', '.', 'NP', 'NP', 'PP', 'NP', 'NN', 'NN']	bankruptcy	True
585	['PP', 'IN', 'IN']	against	False
586	['VP', 'VBD', 'NP', 'VBD']	was	False
587	['NP', 'JJ', 'NNS', 'JJ']	unsecured	False
588	['NNS']	creditors	False
589	['ROOT', 'INTJ', 'INTJ', 'UH', '.', 'UH']	Yeah	False
590	['ROOT', 'S', 'S', 'S', 'NP', 'VP', '.', 'S', 'VP', 'VP', 'VP', 'CONJP', 'VP', 'VP', 'VBG', 'SBAR', 'VBG']	Folks	True
591	['SBAR', 'S', 'S', 'NP', 'VP', 'NP', 'DT', 'NN', 'DT']	the	True
592	['NN']	dam	False
593	['VP', 'VBD', 'VP', 'VBD']	was	False
594	['VP', 'VBN', 'PP', 'VBN']	built	False
595	['PP', 'IN', 'NP', 'IN']	as	False
596	['NP', 'DT', 'NN', 'NN', 'DT']	a	False
597	['NN']	tourist	False
598	['NN']	attraction	False
599	['CONJP', 'RB', 'RB', 'IN', 'RB']	as	False
600	['RB']	well	False
601	['IN']	as	False
602	['VP', 'VBG', 'ADJP', 'VBG']	being	False
603	['ADJP', 'ADJP', 'CC', 'ADJP', 'ADJP', 'RB', 'JJ', 'SBAR', 'RB']	very	False
604	['JJ']	functional	False
605	['SBAR', 'S', 'S', 'NP', 'VP', 'NP', 'DT', 'NN', 'DT']	this	True
606	['NN']	terrazzo	False
607	['VP', 'VBD', 'SBAR', 'VBD']	flooring	False
608	['SBAR', 'S', 'S', 'NP', 'VP', 'NP', 'PRP', 'PRP']	you	True
609	['VP', 'VBP', 'SBAR', 'VBP']	see	False
610	['SBAR', 'S', 'S', 'NP', 'VP', 'NP', 'NN', 'NN']	terrazzo	True
611	['VP', 'VBZ', 'NP', 'VBZ']	is	False
612	['NP', 'NP', 'VP', 'NP', 'NN', 'NNS', 'NN']	marble	False
613	['NNS']	chips	False
614	['VP', 'VBN', 'PRT', 'PP', 'VBN']	put	False
615	['PRT', 'RP', 'RP']	down	False
616	['PP', 'IN', 'NP', 'IN']	in	False
617	['NP', 'JJ', 'NN', 'RP', 'JJ']	concrete	False
618	['NN']	ground	False
619	['RP']	down	False
620	['CC']	and	False
621	['ADJP', 'VBN', 'VBN']	polished	False
622	['NP', 'DT', 'NN', 'NN', 'DT']	this	False
623	['NN']	terrazzo	False
624	['NN']	flooring	False
625	['VP', 'VBD', 'VP', 'VBD']	was	False
626	['VP', 'VBN', 'PP', 'PP', 'PP', 'VBN']	put	False
627	['PP', 'IN', 'NP', 'IN']	in	False
628	['NP', 'RB', 'RB']	here	False
629	['PP', 'IN', 'NP', 'IN']	by	False
630	['NP', 'CD', 'JJ', 'NN', 'CD']	one	False
631	['JJ']	Italian	False
632	['NN']	family	False
633	['PP', 'IN', 'NP', 'IN']	by	False
634	['NP', 'NP', 'PP', 'NP', 'DT', 'NN', 'DT']	the	False
635	['NN']	name	False
636	['PP', 'IN', 'NP', 'IN']	of	False
637	['NP', 'NNP', 'NNP']	Martina	False
638	['ROOT', 'S', 'S', 'S', 'CC', 'S', '.', 'S', 'INTJ', 'NP', 'VP', 'INTJ', 'UH', 'UH']	Okay	True
639	['NP', 'EX', 'EX', 'VP', 'VBZ', 'NP', 'VBZ']	there's	False
640	['NP', 'NP', 'CC', 'NP', 'NP', 'CD', 'CD']	two	False
641	['CC']	and	False
642	['NP', 'NP', 'PP', 'NP', 'NN', 'NNS', 'NN']	three	False
643	['NP', 'NP', 'PP', 'NP', 'NN', 'NNS', 'NN']	quarter	False
644	['NNS']	acres	False
645	['PP', 'IN', 'NP', 'IN']	of	False
646	['NP', 'NP', 'PP', 'NP', 'DT', 'NNP', 'NNP', 'NNP', 'NN', 'NN', 'DT']	this	False
647	['NNP']	uh	False
648	['NNP']	t	False
649	['NNP']	uh	False
650	['NN']	terrazzo	False
651	['NN']	flooring	False
652	['PP', 'IN', 'NP', 'IN']	in	False
653	['NP', 'DT', 'NN', 'DT']	the	False
654	['NN']	floor	False
655	['CC']	but	False
656	['S', 'NP', 'VP', 'NP', 'NP', 'SBAR', 'NP', 'DT', 'NNS', 'DT']	the	True
657	['NNS']	designs	False
658	['SBAR', 'S', 'S', 'NP', 'VP', 'NP', 'PRP', 'PRP']	you	True
659	['VP', 'VBP', 'VBP']	see	False
660	['VP', 'VBZ', 'SBAR', 'VBZ']	is	False
661	['SBAR', 'WHNP', 'S', 'WHNP', 'WP', 'WP']	what	False
662	['S', 'NP', 'VP', 'NP', 'DT', 'JJ', 'NN', 'DT']	that	True
663	['JJ']	Italian	False
664	['NN']	family	False
665	['VP', 'VBD', 'CC', 'VBD', 'PP', 'VBD']	saw	False
666	['CC']	and	False
667	['VBD']	interpretated	False
668	['PP', 'IN', 'NP', 'IN']	from	False
669	['NP', 'NP', 'CC', 'NP', 'NP', 'JJ', 'JJ', 'NNS', 'JJ']	southwest	False
670	['JJ']	Indian	False
671	['NNS']	blankets	False
672	['CC']	and	False
673	['NP', 'NN', 'NN']	pottery	False
674	['ROOT', 'S', 'S', 'NP', 'VP', '.', 'NP', 'DT', 'DT', 'VP', 'VBZ', 'SBAR', 'VBZ']	That's	True
675	['SBAR', 'WHADVP', 'S', 'WHADVP', 'WRB', 'WRB']	where	False
676	['S', 'NP', 'VP', 'NP', 'DT', 'NNS', 'DT']	the	True
677	['NNS']	designs	False
678	['VP', 'VBD', 'PP', 'VBD']	came	False
679	['PP', 'IN', 'IN']	from	False
680	['ROOT', 'S', 'S', 'NP', 'VP', '.', '.', 'NP', 'DT', 'JJ', 'DT']	Any	True
681	['JJ']	other	False
682	['VP', 'VBZ', 'VBZ']	questions	False
683	['ROOT', 'S', 'S', 'S', 'NP', 'VP', '.', 'S', 'CC', 'ADVP', 'NP', 'VP', 'CC']	And	True
684	['ADVP', 'RB', 'RB']	apparently	False
685	['NP', 'PRP', 'PRP']	it	False
686	['VP', 'VBD', 'ADJP', 'VBD']	was	False
687	['ADJP', 'RB', 'RB', 'JJ', 'SBAR', 'RB']	very	False
688	['RB']	very	False
689	['JJ']	muddy	False
690	['SBAR', 'S', 'S', 'S', 'CC', 'S', 'S', 'NP', 'VP', 'NP', 'PRP', 'PRP']	it	True
691	['VP', 'VBD', 'ADJP', 'VBD']	was	False
692	['ADJP', 'RB', 'JJ', 'RB']	abnormally	False
693	['JJ']	warm	False
694	['CC']	and	False
695	['S', 'S', 'CC', 'S', 'S', 'NP', 'VP', 'NP', 'PRP', 'PRP']	it	True
696	['VP', 'VBD', 'ADVP', 'NP', 'PP', 'VBD']	was	False
697	['ADVP', 'RB', 'RB']	just	False
698	['NP', 'DT', 'JJ', 'NN', 'DT']	a	False
699	['JJ']	big	False
700	['NN']	mudbath	False
701	['PP', 'IN', 'NP', 'IN']	out	False
702	['NP', 'RB', 'RB']	there	False
703	['CC']	and	False
704	['S', 'NP', 'VP', 'NP', 'PRP', 'PRP']	they	True
705	['VP', 'MD', 'RB', 'MD', 'RB']	couldn't	False
706	['NP', 'PRP', 'PRP']	They	False
707	['VP', 'MD', 'RB', 'VP', 'MD', 'RB']	couldn't	False
708	['VP', 'VB', 'PRT', 'NP', 'ADVP', 'VB']	clean	False
709	['PRT', 'RP', 'RP']	off	False
710	['NP', 'DT', 'NN', 'DT']	the	False
711	['NN']	mud	False
712	['ADVP', 'RB', 'S', 'RB']	enough	False
713	['S', 'VP', 'VP', 'TO', 'VP', 'TO']	to	True
714	['VP', 'VB', 'ADJP', 'VB']	be	False
715	['ADJP', 'JJ', 'S', 'JJ']	able	False
716	['S', 'VP', 'VP', 'TO', 'VP', 'TO']	to	True
717	['VP', 'VB', 'ADVP', 'VB']	see	False
718	['ADVP', 'RB', 'RB']	inside	False
719	['ROOT', 'S', 'S', 'VP', '.', 'VP', 'TO', 'VP', 'TO']	To	True
720	['VP', 'VB', 'SBAR', 'VB']	see	False
721	['SBAR', 'IN', 'IN', 'S', 'IN']	if	False
722	['IN']	if	False
723	['S', 'NP', 'VP', 'NP', 'PRP', 'PRP']	it	True
724	['VP', 'VBD', 'ADJP', 'VBD']	was	False
725	['ADJP', 'JJ', 'JJ']	viable	False
726	['ROOT', 'S', 'S', 'IN', 'NP', 'VP', '.', 'IN']	So	True
727	['NP', 'PRP', 'PRP']	they	False
728	['VP', 'VBD', 'NP', 'PP', 'VBD']	took	False
729	['NP', 'DT', 'NN', 'DT']	an	False
730	['NN']	egg	False
731	['PP', 'IN', 'NP', 'IN']	from	False
732	['NP', 'NP', 'SBAR', 'NP', 'NNS', 'NNS']	nests	False
733	['SBAR', 'WHNP', 'S', 'WHNP', 'WDT', 'WDT']	that	False
734	['S', 'VP', 'VP', 'VBD', 'NP', 'VBD']	had	True
735	['NP', 'CD', 'NNS', 'CD']	two	False
736	['NNS']	eggs	False
737	['ROOT', 'S', 'S', 'CC', 'NP', 'VP', '.', 'CC']	And	True
738	['NP', 'PRP', 'PRP']	I	False
739	['VP', 'VBP', 'SBAR', 'VBP']	think	False
740	['SBAR', 'S', 'S', 'NP', 'VP', '.', 'NP', 'NP', 'NP', 'NP', 'DT', 'DT']	this	True
741	['NP', 'DT', 'NN', 'DT']	this	False
742	['NN']	report	False
743	['VP', 'VBZ', 'PP', 'VBZ']	says	False
744	['PP', 'IN', 'NP', 'IN']	within	False
745	['NP', 'NP', 'SBAR', 'NP', 'JJ', 'NNS', 'JJ']	thirty	False
746	['NP', 'NP', 'SBAR', 'NP', 'JJ', 'NNS', 'JJ']	one	False
747	['NNS']	hours	False
748	['SBAR', 'S', 'S', 'NP', 'VP', 'NP', 'DT', 'NNS', 'DT']	the	True
749	['NNS']	eggs	False
750	['VP', 'VBD', 'ADVP', 'PP', 'VBD']	were	False
751	['ADVP', 'RB', 'RB', 'RB']	back	False
752	['RB']	here	False
753	['PP', 'IN', 'NP', 'IN']	in	False
754	['NP', 'NNP', 'NNP']	Chicago	False
755	['ROOT', 'S', 'S', 'S', 'NP', 'VP', '.', 'S', 'VP', 'VP', 'VB', 'S', 'VB']	Uh	True
756	['S', 'NP', 'VP', 'NP', 'PRP', 'PRP']	I	True
757	['VP', 'VB', 'FRAG', 'VB']	guess	False
758	['FRAG', 'INTJ', 'INTJ', 'UH', 'UH']	uh	False
759	['NP', 'PRP', 'PRP']	I	False
760	['VP', 'VBP', 'SBAR', 'VBP']	wish	False
761	['SBAR', 'S', 'S', 'NP', 'VP', 'NP', 'PRP', 'PRP']	I	True
762	['VP', 'MD', 'VP', 'MD']	could	False
763	['VP', 'VB', 'PP', 'VB']	think	False
764	['PP', 'IN', 'NP', 'IN']	of	False
765	['NP', 'NP', 'PP', 'NP', 'DT', 'NN', 'DT']	the	False
766	['NN']	name	False
767	['PP', 'IN', 'NP', 'IN']	of	False
768	['NP', 'DT', 'JJ', 'NN', 'DT']	that	False
769	['JJ']	other	False
770	['NN']	program	False
771	['ROOT', 'S', 'S', 'S', 'CC', 'RB', 'S', '.', 'S', 'S', 'VP', 'S', 'VP', 'VP', 'VB', 'NP', 'PP', 'VB']	See	True
772	['NP', 'DT', 'CD', 'NN', 'DT']	this	False
773	['CD']	one	False
774	['NN']	guy	False
775	['PP', 'IN', 'NP', 'IN']	at	False
776	['NP', 'DT', 'NN', 'DT']	the	False
777	['NN']	store	False
778	['VP', 'VBD', 'NP', 'SBAR', 'VBD']	had	False
779	['NP', 'DT', 'NN', 'DT']	a	False
780	['NN']	house	False
781	['SBAR', 'IN', 'S', 'IN']	that	False
782	['S', 'NP', 'VP', 'NP', 'PRP', 'PRP']	he	True
783	['VP', 'VBD', 'VBD']	bought	False
784	['CC']	and	False
785	['RB']	then	False
786	['S', 'S', 'IN', 'S', 'CC', 'S', 'CC', 'S', 'S', 'NP', 'VP', 'NP', 'PRP', 'PRP']	he	True
787	['VP', 'MD', 'RB', 'VP', 'MD', 'RB']	couldn't	False
788	['VP', 'VB', 'NP', 'ADVP', 'VB']	afford	False
789	['NP', 'DT', 'NN', 'NNS', 'DT']	the	False
790	['NN']	house	False
791	['NNS']	payments	False
792	['ADVP', 'RB', 'RB']	anymore	False
793	['IN']	so	False
794	['S', 'NP', 'VP', 'NP', 'PRP', 'PRP']	he	True
795	['VP', 'VBD', 'PP', 'PP', 'VBD']	got	False
796	['PP', 'IN', 'NP', 'IN']	with	False
797	['NP', 'NP', 'PP', 'NP', 'CD', 'CD']	one	False
798	['PP', 'IN', 'NP', 'IN']	of	False
799	['NP', 'DT', 'NN', 'NN', 'NNS', 'CC', 'NNS', 'DT']	these	False
800	['NN']	um	False
801	['NN']	support	False
802	['NNS']	things	False
803	['CC']	and	False
804	['NNS']	uh	False
805	['PP', 'IN', 'NP', 'IN']	like	False
806	['NP', 'NNP', 'NNP']	HUD	False
807	['CC']	and	False
808	['S', 'NP', 'VP', 'NP', 'PRP', 'PRP']	I	True
809	['VP', 'MD', 'RB', 'VP', 'MD', 'RB']	can't	False
810	['VP', 'VB', 'PP', 'VB']	think	False
811	['PP', 'IN', 'NP', 'IN']	of	False
812	['NP', 'NP', 'PP', 'NP', 'DT', 'NN', 'DT']	the	False
813	['NN']	name	False
814	['PP', 'IN', 'NP', 'IN']	of	False
815	['NP', 'PRP', 'PRP']	it	False
816	['CC']	and	False
817	['S', 'NP', 'VP', 'NP', 'PRP', 'PRP']	they	True
818	['VP', 'VBD', 'S', 'VBD']	guaranteed	False
819	['S', 'NP', 'NP', 'NP', 'PRP', 'PRP']	him	True
820	['NP', 'DT', 'NN', 'DT']	a	False
821	['NN']	residence	False
822	['ROOT', 'S', 'S', 'CC', 'SBAR', 'NP', 'VP', '.', 'CC']	But	True
823	['SBAR', 'WHADVP', 'S', 'WHADVP', 'WRB', 'WRB']	when	False
824	['S', 'SBAR', 'NP', 'VP', 'SBAR', 'WHADVP', 'S', 'WHADVP', 'WRB', 'WRB']	when	True
825	['S', 'S', 'CC', 'S', 'S', 'NP', 'VP', 'NP', 'PRP', 'PRP', 'VP', 'VBP', 'NP', 'VBP']	you're	True
826	['NP', 'DT', 'NN', 'NN', 'DT']	a	False
827	['NN']	drug	False
828	['NN']	addict	False
829	['CC']	and	False
830	['S', 'NP', 'VP', 'NP', 'PRP', 'PRP']	you	True
831	['VP', 'VBP', 'RB', 'VP', 'VBP', 'RB']	don't	False
832	['VP', 'VB', 'NP', 'ADVP', 'VB']	do	False
833	['NP', 'PRP', 'PRP']	it	False
834	['ADVP', 'RB', 'RB']	anymore	False
835	['NP', 'PRP', 'PRP']	they	False
836	['VP', 'VBP', 'VP', 'VBP']	say	False
837	['VP', 'FRAG', 'FRAG', 'INTJ', 'INTJ', 'UH', 'UH']	oh	False
838	['NP', 'PRP', 'PRP', 'VP', 'VBP', 'VP', 'VBP']	you've	False
839	['VP', 'VBN', 'S', 'VBN']	come	False
840	['S', 'ADJP', 'ADJP', 'JJ', 'JJ']	clean	True
841	['ROOT', 'S', 'S', 'VP', '.', 'VP', 'VB', 'SBAR', 'VB']	Do	True
842	['SBAR', 'S', 'S', 'NP', 'VP', 'NP', 'PRP', 'PRP']	you	True
843	['VP', 'VBP', 'SBAR', 'VBP']	know	False
844	['SBAR', 'WHNP', 'S', 'WHNP', 'WP', 'WP']	what	False
845	['S', 'NP', 'VP', 'NP', 'PRP', 'PRP']	I	True
846	['VP', 'VBP', 'SBAR', 'VBP']	mean	False
847	['SBAR', 'S', 'S', 'NP', 'VP', 'NP', 'PRP', 'PRP']	I	True
848	['VP', 'VBP', 'SBAR', 'VBP']	go	False
849	['SBAR', 'IN', 'S', 'IN']	that	False
850	['S', 'S', 'CC', 'S', 'S', 'VP', 'VP', 'ADVP', 'VBG', 'NP', 'ADVP', 'RB', 'RB']	really	True
851	['VBG']	bugs	False
852	['NP', 'PRP', 'PRP']	me	False
853	['CC']	and	False
854	['S', 'CC', 'S', 'CC']	and	True
855	['S', 'CC', 'NP', 'VP', 'CC']	and	True
856	['NP', 'NNP', 'NNP']	Kent	False
857	['VP', 'VBD', 'PP', 'VBD']	was	False
858	['PP', 'IN', 'NP', 'IN']	in	False
859	['NP', 'NP', 'SBAR', 'NP', 'DT', 'NN', 'DT']	the	False
860	['NN']	back	False
861	['SBAR', 'S', 'S', 'NP', 'VP', 'NP', 'PRP', 'PRP']	I	True
862	['VP', 'VBD', 'NP', 'VBD']	was	False
863	['NP', 'NP', 'SBAR', 'NP', 'DT', 'DT']	all	False
864	['SBAR', 'S', 'S', 'NP', 'VP', 'NP', 'PRP', 'PRP']	I	True
865	['VP', 'VBP', 'SBAR', 'VBP']	think	False
866	['SBAR', 'S', 'S', 'NP', 'VP', 'NP', 'NP', 'SBAR', 'NP', 'DT', 'NN', 'DT']	a	True
867	['NN']	person	False
868	['SBAR', 'WHNP', 'S', 'WHNP', 'WP', 'WP']	who	False
869	['S', 'VP', 'VP', 'VBD', 'NP', 'ADVP', 'VBD']	was	True
870	['NP', 'DT', 'NN', 'NN', 'DT']	a	False
871	['NN']	drug	False
872	['NN']	addict	False
873	['ADVP', 'RB', 'RB']	once	False
874	['VP', 'VBD', 'NP', 'VBD']	was	False
875	['NP', 'DT', 'NN', 'NN', 'DT']	a	False
876	['NN']	drug	False
877	['NN']	addict	False
878	['ROOT', 'S', 'S', 'NP', 'VP', '.', 'NP', 'NNP', 'NNP']	Always	True
879	['VP', 'VBZ', 'NP', 'VBZ']	is	False
880	['NP', 'DT', 'NN', 'NN', 'DT']	a	False
881	['NN']	drug	False
882	['NN']	addict	False
883	['ROOT', 'S', 'S', 'NP', 'VP', '.', 'NP', 'PRP', 'PRP']	I	True
884	['VP', 'VBD', 'SBAR', 'VBD']	said	False
885	['SBAR', 'S', 'S', 'NP', 'VP', 'NP', 'PRP', 'PRP', 'VP', 'VBP', 'ADVP', 'NP', 'VBP']	they're	True
886	['ADVP', 'RB', 'RB']	just	False
887	['NP', 'DT', 'JJ', 'NN', 'NN', 'DT']	a	False
888	['JJ']	recovered	False
889	['NN']	drug	False
890	['NN']	addict	False
891	['ROOT', 'S', 'S', 'CC', 'NP', 'VP', '.', 'CC']	And	True
892	['NP', 'PRP', 'PRP']	I	False
893	['VP', 'VBD', 'VP', 'VBD']	was	False
894	['VP', 'VBG', 'NP', 'PP', 'VBG']	saying	False
895	['NP', 'PRP', 'PRP']	it	False
896	['PP', 'IN', 'FRAG', 'IN']	like	False
897	['FRAG', 'ADJP', '.', 'ADJP', 'RB', 'JJ', 'RB']	really	False
898	['JJ']	loud	False
899	['ROOT', 'S', 'S', 'NP', 'VP', '.', 'NP', 'PRP', 'PRP', 'VP', 'VBZ', 'SBAR', 'VBZ']	It's	True
900	['SBAR', 'S', 'S', 'NP', 'VP', 'NP', 'PRP', 'PRP', 'VP', 'VBZ', 'ADJP', 'VBZ']	it's	True
901	['ADJP', 'RB', 'JJ', 'RB']	really	False
902	['JJ']	difficult	False
903	['ROOT', 'S', 'S', 'NP', 'VP', '.', 'NP', 'PRP', 'PRP']	you	True
904	['VP', 'MD', 'RB', 'VP', 'MD']	can	False
905	['RB']	either	False
906	['VP', 'VB', 'NP', 'VB']	have	False
907	['NP', 'NP', 'PP', 'NP', 'DT', 'CC', 'NN', 'DT']	either	False
908	['CC']	or	False
909	['NN']	sort	False
910	['PP', 'IN', 'NP', 'IN']	of	False
911	['NP', 'DT', 'NN', 'DT']	a	False
912	['NN']	thing	False
913	['ROOT', 'S', 'S', 'NP', 'VP', '.', 'NP', 'NNP', 'POS', 'NNP', 'POS']	Let's	True
914	['VP', 'VBP', 'S', 'VBP']	see	False
915	['S', 'NP', 'ADJP', 'NP', 'JJ', 'NN', 'JJ']	sixty	True
916	['NN']	seventy	False
917	['NN']	two	False
918	['ADJP', 'JJ', 'JJ']	okay	False
919	['ROOT', 'S', 'S', 'IN', 'NP', 'VP', '.', 'IN']	So	True
920	['NP', 'DT', 'DT']	that	False
921	['VP', 'VBZ', 'NP', 'NP', 'VBZ']	gives	False
922	['NP', 'PRP', 'PRP']	us	False
923	['NP', 'DT', 'NN', 'S', 'DT']	a	False
924	['NN']	twenty	False
925	['NN']	eight	False
926	['S', 'VP', 'VP', 'TO', 'VP', 'TO']	to	True
927	['VP', 'VB', 'PP', 'VB']	distribute	False
928	['PP', 'IN', 'NP', 'IN']	throughout	False
929	['NP', 'NP', 'PP', 'NP', 'DT', 'NN', 'DT']	the	False
930	['NN']	rest	False
931	['PP', 'IN', 'NP', 'IN']	of	False
932	['NP', 'DT', 'NN', 'DT']	the	False
933	['NN']	day	False
934	['ROOT', 'S', 'S', 'CC', 'NP', 'VP', '.', 'CC']	And	True
935	['NP', 'NP', 'VP', 'NP', 'NN', 'NN']	um	False
936	['VP', 'VBG', 'NP', 'VBG']	making	False
937	['NP', 'NP', 'PP', 'NP', 'DT', 'NN', 'DT']	a	False
938	['NN']	decision	False
939	['PP', 'IN', 'SBAR', 'IN']	of	False
940	['SBAR', 'WHADVP', 'S', 'WHADVP', 'WRB', 'WRB']	how	False
941	['S', 'VP', 'VP', 'TO', 'VP', 'TO']	to	True
942	['VP', 'VB', 'NP', 'ADVP', 'VB']	do	False
943	['NP', 'DT', 'DT']	that	False
944	['ADVP', 'RB', 'RB']	really	False
945	['VP', 'VBZ', 'NP', 'VBZ']	involves	False
946	['NP', 'PRP$', 'NNS', 'PRP$']	your	False
947	['NNS']	insulins	False
948	['ROOT', 'S', 'S', 'ADVP', 'PP', 'NP', 'VP', '.', 'ADVP', 'RB', 'RB']	Now	True
949	['PP', 'IN', 'NP', 'IN']	in	False
950	['NP', 'DT', 'NN', 'DT']	the	False
951	['NN']	morning	False
952	['NP', 'PRP', 'PRP', 'VP', 'VBP', 'VP', 'VBP']	you've	False
953	['VP', 'VBN', 'NP', 'VBN']	got	False
954	['NP', 'DT', 'JJ', 'NN', 'DT']	a	False
955	['JJ']	good	False
956	['NN']	amount	False
957	['ROOT', 'FRAG', 'FRAG', 'PP', '.', 'PP', 'IN', 'NP', '.', 'IN']	Of	False
958	['NP', 'NP', 'SBAR', 'NP', 'JJ', 'NN', 'JJ']	regular	False
959	['NN']	insulin	False
960	['SBAR', 'IN', 'S', 'IN']	that	False
961	['S', 'NP', 'VP', 'NP', 'PRP', 'PRP']	you	True
962	['VP', 'VBP', 'VBP']	take	False
963	['ROOT', 'S', 'S', 'NP', 'VP', '.', 'NP', 'PRP$', 'NN', 'PRP$']	My	True
964	['NN']	handyman	False
965	['VP', 'VBD', 'NP', 'VBD']	did	False
966	['NP', 'DT', 'DT']	that	False
967	['ROOT', 'S', 'S', 'NP', 'VP', '.', 'NP', 'PRP', 'PRP']	I	True
968	['VP', 'VBP', 'RB', 'VP', 'VBP', 'RB']	haven't	False
969	['VP', 'VBN', 'NP', 'PP', 'VBN']	seen	False
970	['NP', 'PRP', 'PRP']	him	False
971	['PP', 'IN', 'NP', 'IN']	for	False
972	['NP', 'NP', 'SBAR', 'NP', 'DT', 'NN', 'DT']	a	False
973	['NN']	while	False
974	['SBAR', 'S', 'S', 'NP', 'VP', 'NP', 'PRP', 'PRP']	I	True
975	['VP', 'VBP', 'SBAR', 'VBP']	think	False
976	['SBAR', 'S', 'S', 'NP', 'VP', 'NP', 'PRP', 'PRP']	he	True
977	['VP', 'VBD', 'VBD']	quit	False
978	['ROOT', 'S', 'S', 'CC', 'VP', '.', 'CC']	And	True
979	['VP', 'VBD', 'RB', 'VP', 'VBD', 'RB']	didn't	False
980	['VP', 'VB', 'NP', 'VB']	tell	False
981	['NP', 'PRP', 'PRP']	me	False
982	['ROOT', 'S', 'S', 'S', 'CC', 'S', 'CC', 'S', '.', 'S', 'NP', 'VP', 'NP', 'DT', 'DT', 'VP', 'VBZ', 'NP', 'VBZ']	That's	True
983	['NP', 'NP', 'SBAR', 'NP', 'PRP$', 'NN', 'PRP$']	my	False
984	['NN']	roommate	False
985	['SBAR', 'S', 'S', 'NP', 'VP', 'NP', 'NP', 'PP', 'NP', 'CD', 'CD']	One	True
986	['PP', 'IN', 'NP', 'IN']	of	False
987	['NP', 'NP', 'NNS', 'NP', 'PRP$', 'NN', 'POS', 'PRP$']	my	False
988	['NN', 'POS']	roommate's	False
989	['NNS']	horses	False
990	['VP', 'VBZ', 'ADVP', 'VBZ']	is	False
991	['ADVP', 'RB', 'RB']	here	False
992	['CC']	and	False
993	['S', 'NP', 'VP', 'NP', 'PRP', 'PRP', 'VP', 'VBZ', 'PP', 'VBZ']	one's	True
994	['PP', 'IN', 'NP', 'IN']	in	False
995	['NP', 'RB', 'RB']	there	False
996	['CC']	but	False
997	['S', 'NP', 'VP', 'NP', 'PRP', 'PRP', 'VP', 'VBZ', 'VP', 'VBZ']	he's	True
998	['VP', 'VBG', 'VBG']	hiding	False
999	['ROOT', 'FRAG', 'FRAG', 'CC', 'ADVP', 'NP', '.', 'CC']	And	False
1000	['ADVP', 'RB', 'RB']	then	False
1001	['NP', 'NP', 'SBAR', '.', 'NP', 'DT', 'DT']	this	False
1002	['SBAR', 'S', 'S', 'VP', 'VP', 'VBZ', 'NP', 'VBZ']	is	True
1003	['NP', 'NP', 'SBAR', 'NP', 'DT', 'NN', 'DT']	the	False
1004	['NN']	field	False
1005	['SBAR', 'S', 'S', 'NP', 'VP', 'NP', 'DT', 'DT']	This	True
1006	['VP', 'VBZ', 'SBAR', 'VBZ']	is	False
1007	['SBAR', 'SBAR', 'CC', 'SBAR', 'SBAR', 'WHNP', 'S', 'WHNP', 'WP', 'WP']	what	False
1008	['S', 'NP', 'VP', 'NP', 'PRP', 'PRP']	we	True
1009	['VP', 'VBP', 'NP', 'VBP']	call	False
1010	['NP', 'NP', 'SBAR', 'NP', 'DT', 'NN', 'NN', 'DT']	the	False
1011	['NN']	witch	False
1012	['NN']	field	False
1013	['SBAR', 'S', 'S', 'NP', 'VP', 'NP', 'DT', 'NNS', 'DT']	the	True
1014	['NNS']	mares	False
1015	['VP', 'VBP', 'PRT', 'S', 'VBP']	live	False
1016	['PRT', 'RP', 'RP']	out	False
1017	['S', 'S', 'CC', 'S', 'CC', 'S', 'S', 'ADVP', 'NP', 'VP', 'ADVP', 'RB', 'RB']	there	True
1018	['NP', 'PRP', 'PRP']	they	False
1019	['VP', 'VBP', 'S', 'VBP']	get	False
1020	['S', 'VP', 'VP', 'VBN', 'PRT', 'ADVP', 'PP', 'VBN']	turned	True
1021	['PRT', 'RP', 'RP']	out	False
1022	['ADVP', 'RB', 'RB']	there	False
1023	['PP', 'IN', 'NP', 'IN']	during	False
1024	['NP', 'DT', 'NN', 'DT']	the	False
1025	['NN']	day	False
1026	['CC']	and	False
1027	['S', 'ADVP', 'NP', 'VP', 'ADVP', 'RB', 'RB']	then	True
1028	['NP', 'DT', 'DT', 'VP', 'VBZ', 'UCP', 'VBZ']	that's	False
1029	['UCP', 'NP', 'CC', 'S', 'NP', 'DT', 'VBG', 'NN', 'DT']	the	False
1030	['VBG']	gelding	False
1031	['NN']	field	False
1032	['CC']	and	False
1033	['S', 'NP', 'VP', 'NP', 'PRP$', 'NN', 'PRP$']	my	True
1034	['NN']	stallion	False
1035	['VP', 'VBZ', 'PRT', 'PP', 'VBZ']	lives	False
1036	['PRT', 'RP', 'RP']	out	False
1037	['PP', 'IN', 'NP', 'IN']	with	False
1038	['NP', 'DT', 'NNS', 'DT']	the	False
1039	['NNS']	geldings	False
1040	['CC']	And	False
1041	['S', 'NP', 'VP', 'NP', 'NNP', 'NNP']	Bruge	True
1042	['VP', 'VBZ', 'NP', 'VBZ']	stands	False
1043	['NP', 'NP', 'VP', 'NP', 'RB', 'PDT', 'DT', 'NN', 'RB']	here	False
1044	['PDT']	half	False
1045	['DT']	the	False
1046	['NN']	day	False
1047	['VP', 'VBG', 'S', 'VBG']	wanting	False
1048	['S', 'VP', 'VP', 'TO', 'VP', 'TO']	to	True
1049	['VP', 'VB', 'PRT', 'VB']	come	False
1050	['PRT', 'RP', 'RP']	in	False
1051	['CC']	and	False
1052	['SBAR', 'ADVP', 'IN', 'S', 'ADVP', 'RB', 'RB']	then	False
1053	['IN']	after	False
1054	['S', 'NP', 'VP', 'NP', 'PRP', 'PRP']	he	True
1055	['VP', 'VBZ', 'SBAR', 'VBZ']	goes	False
1056	['SBAR', 'IN', 'S', 'IN']	in	False
1057	['S', 'NP', 'VP', 'NP', 'PRP', 'PRP']	he	True
1058	['VP', 'VBZ', 'S', 'VBZ']	wants	False
1059	['S', 'VP', 'VP', 'TO', 'VP', 'TO']	to	True
1060	['VP', 'VB', 'PRT', 'VB']	go	False
1061	['PRT', 'RP', 'RP']	out	False
1062	['ROOT', 'S', 'S', 'INTJ', 'VP', '.', 'INTJ', 'UH', 'UH']	Okay	True
1063	['VP', 'VB', 'S', 'VB']	mm	False
1064	['S', 'S', 'S', 'S', 'S', 'S', 'ADVP', 'NP', 'VP', 'ADVP', 'RB', 'RB']	well	True
1065	['NP', 'PRP', 'PRP']	I	False
1066	['VP', 'VBP', 'SBAR', 'VBP']	guess	False
1067	['SBAR', 'IN', 'S', 'IN']	if	False
1068	['S', 'NP', 'VP', 'NP', 'PRP', 'PRP']	you	True
1069	['VP', 'VBD', 'ADJP', 'PP', 'VBD']	got	False
1070	['ADJP', 'JJ', 'JJ']	good	False
1071	['PP', 'IN', 'PP', 'IN']	at	False
1072	['PP', 'IN', 'S', 'IN']	at	False
1073	['S', 'VP', 'VP', 'VBG', 'NP', 'VBG']	doing	True
1074	['NP', 'PRP', 'PRP']	it	False
1075	['S', 'NP', 'VP', 'NP', 'PRP', 'PRP']	you	True
1076	['VP', 'VBP', 'SBAR', 'VBP']	know	False
1077	['SBAR', 'WHADVP', 'S', 'WHADVP', 'WRB', 'WRB']	where	False
1078	['S', 'S', 'CC', 'S', 'S', 'NP', 'VP', 'NP', 'PRP', 'PRP']	you	True
1079	['VP', 'VBD', 'RB', 'VP', 'VBD', 'RB']	didn't	False
1080	['VP', 'VBD', 'RB', 'VP', 'VBD', 'RB']	Wasn't	False
1081	['VP', 'VBG', 'NP', 'PP', 'VBG']	getting	False
1082	['NP', 'PRP', 'PRP']	yourself	False
1083	['PP', 'IN', 'NP', 'IN']	in	False
1084	['NP', 'JJ', 'NNS', 'JJ']	awkward	False
1085	['NNS']	positions	False
1086	['CC']	and	False
1087	['S', 'NP', 'VP', 'NP', 'PRP', 'PRP']	you	True
1088	['VP', 'VBP', 'S', 'VBP']	know	False
1089	['S', 'VP', 'VP', 'VBG', 'NP', 'VBG']	getting	True
1090	['NP', 'PRP$', 'NN', 'PRP$']	your	False
1091	['NN']	knee	False
1092	['S', 'NP', 'VP', 'NP', 'DT', 'DT']	all	True
1093	['VP', 'VBN', 'PRT', 'PP', 'VBN']	twisted	False
1094	['PRT', 'RP', 'RP']	up	False
1095	['PP', 'IN', 'NP', 'IN']	underneath	False
1096	['NP', 'NP', 'CC', 'NP', 'NP', 'PRP', 'PRP']	you	False
1097	['CC']	or	False
1098	['NP', 'NN', 'NN']	something	False
1099	['S', 'NP', 'VP', 'NP', 'PRP', 'PRP']	you	True
1100	['VP', 'VBP', 'SBAR', 'VBP']	know	False
1101	['SBAR', 'S', 'S', 'NP', 'VP', 'NP', 'PRP', 'PRP']	you	True
1102	['VP', 'MD', 'ADVP', 'VP', 'MD']	could	False
1103	['ADVP', 'RB', 'RB']	probably	False
1104	['VP', 'VB', 'S', 'VB']	handle	False
1105	['S', 'NP', 'ADJP', 'NP', 'PRP', 'PRP']	it	True
1106	['ADJP', 'JJ', 'JJ']	okay	False
1107	['ROOT', 'S', 'S', 'S', 'NP', 'VP', '.', 'S', 'NP', 'VP', 'NP', 'PRP', 'PRP']	I	True
1108	['VP', 'VBP', 'SBAR', 'VBP']	think	False
1109	['SBAR', 'S', 'S', 'NP', 'VP', 'NP', 'PRP', 'PRP']	I	True
1110	['VP', 'VBP', 'SBAR', 'VBP']	think	False
1111	['SBAR', 'S', 'S', 'NP', 'VP', 'NP', 'PRP', 'PRP', 'VP', 'MD', 'MD']	you'll	True
1112	['NP', 'PRP', 'PRP', 'VP', 'MD', 'VP', 'MD']	you'll	False
1113	['VP', 'VB', 'ADJP', 'VB']	be	False
1114	['ADJP', 'JJ', 'S', 'JJ']	able	False
1115	['S', 'VP', 'VP', 'TO', 'VP', 'TO']	to	True
1116	['VP', 'VB', 'PP', 'VB']	see	False
1117	['PP', 'IN', 'NP', 'IN']	for	False
1118	['NP', 'PRP', 'PRP']	yourself	False
1119	['ROOT', 'S', 'S', 'SBAR', 'NP', 'VP', '.', 'SBAR', 'IN', 'S', 'IN']	Because	True
1120	['S', 'SBAR', 'NP', 'VP', 'SBAR', 'IN', 'S', 'IN']	once	True
1121	['S', 'NP', 'VP', 'NP', 'PRP', 'PRP']	you	True
1122	['VP', 'VBP', 'S', 'VBP']	get	False
1123	['S', 'NP', 'ADJP', 'SBAR', 'NP', 'PRP$', 'NNS', 'PRP$']	your	True
1124	['NNS']	muscles	False
1125	['ADJP', 'JJ', 'JJ']	strong	False
1126	['SBAR', 'S', 'S', 'NP', 'VP', 'NP', 'PRP', 'PRP']	you	True
1127	['VP', 'VBP', 'NP', 'VBP']	get	False
1128	['NP', 'NP', 'VP', 'NP', 'DT', 'NN', 'DT']	this	False
1129	['NN']	thing	False
1130	['VP', 'VBG', 'NP', 'ADVP', 'VBG']	controlling	False
1131	['NP', 'PRP$', 'NN', 'PRP$']	your	False
1132	['NN']	knee	False
1133	['ADVP', 'RB', 'RB']	well	False
1134	['NP', 'PRP', 'PRP', 'VP', 'MD', 'VP', 'MD']	you'll	False
1135	['VP', 'VB', 'SBAR', 'VB']	see	False
1136	['SBAR', 'WHNP', 'S', 'WHNP', 'WP', 'NN', 'PP', 'WP']	what	False
1137	['NN']	kind	False
1138	['PP', 'IN', 'NP', 'IN']	of	False
1139	['NP', 'NN', 'NN', 'NN']	knee	False
1140	['NN']	control	False
1141	['S', 'NP', 'VP', 'NP', 'PRP', 'PRP']	you	True
1142	['VP', 'VBP', 'S', 'VBP']	have	False
1143	['S', 'NP', 'VP', 'NP', 'PRP', 'PRP', 'VP', 'MD', 'VP', 'MD']	it'll	True
1144	['VP', 'VB', 'ADJP', 'PP', 'SBAR', 'VB']	be	False
1145	['ADJP', 'RB', 'JJ', 'RB']	pretty	False
1146	['JJ']	obvious	False
1147	['PP', 'TO', 'NP', 'TO']	to	False
1148	['NP', 'PRP', 'PRP']	you	False
1149	['SBAR', 'IN', 'S', 'IN']	whether	False
1150	['S', 'NP', 'NP', 'PRP', 'PRP']	you	True
1151	['NP', 'PRP', 'PRP']	you	False
1152	['VP', 'VBP', 'NP', 'S', 'VBP']	have	False
1153	['NP', 'NP', 'PP', 'NP', 'DT', 'NN', 'DT']	the	False
1154	['NN']	type	False
1155	['PP', 'IN', 'NP', 'IN']	of	False
1156	['NP', 'NN', 'NN']	control	False
1157	['S', 'VP', 'VP', 'TO', 'VP', 'TO']	to	True
1158	['VP', 'VB', 'FRAG', 'VB']	do	False
1159	['FRAG', 'WHNP', '.', 'WHNP', 'WDT', 'WDT']	that	False
1160	['ROOT', 'S', 'S', 'NP', 'NP', 'VP', '.', 'NP', 'DT', 'NN', 'DT']	every	True
1161	['NN']	month	False
1162	['NP', 'PRP', 'PRP']	we	False
1163	['VP', 'VBD', 'NP', 'VBD']	had	False
1164	['NP', 'DT', 'NN', 'DT']	a	False
1165	['NN']	party	False
1166	['ROOT', 'S', 'S', 'CC', 'NP', 'VP', '.', 'CC']	And	True
1167	['NP', 'NP', 'PP', 'NP', 'DT', 'DT']	all	False
1168	['PP', 'IN', 'NP', 'IN']	of	False
1169	['NP', 'PRP', 'PRP']	us	False
1170	['VP', 'VBN', 'ADVP', 'PP', 'VBN']	mixed	False
1171	['ADVP', 'RB', 'RB']	together	False
1172	['PP', 'IN', 'NP', 'IN']	in	False
1173	['NP', 'NN', 'NN']	friendship	False
1174	['ROOT', 'S', 'S', 'NP', 'VP', '.', 'NP', 'DT', 'DT']	That	True
1175	['VP', 'VBZ', 'ADJP', 'VBZ']	is	False
1176	['ADJP', 'JJ', 'JJ']	wonderful	False
1177	['ROOT', 'S', 'S', 'CC', 'NP', 'VP', '.', 'CC']	And	True
1178	['NP', 'NP', 'PP', 'NP', 'NN', 'NN']	something	False
1179	['PP', 'IN', 'NP', 'IN']	like	False
1180	['NP', 'DT', 'DT']	this	False
1181	['VP', 'MD', 'VP', 'MD']	could	False
1182	['VP', 'VB', 'VB']	happen	False
1183	['ROOT', 'FRAG', 'FRAG', 'SBAR', '.', 'SBAR', 'IN', 'S', 'IN']	If	False
1184	['S', 'NP', 'VP', 'NP', 'PRP', 'PRP']	we	True
1185	['VP', 'VBD', 'NP', 'VBD']	had	False
1186	['NP', 'JJ', 'NNS', 'JJ']	great	False
1187	['NNS']	dances	False
1188	['ROOT', 'S', 'S', 'IN', 'NP', 'VP', '.', 'IN']	So	True
1189	['NP', 'PRP', 'PRP']	I	False
1190	['VP', 'VBP', 'PRT', 'NP', 'VBP']	come	False
1191	['PRT', 'RP', 'RP']	back	False
1192	['NP', 'NP', 'SBAR', 'NP', 'PRP$', 'JJ', 'NN', 'PRP$']	my	False
1193	['JJ']	last	False
1194	['NN']	word	False
1195	['SBAR', 'S', 'S', 'VP', 'VP', 'VBZ', 'NP', 'VBZ']	is	True
1196	['NP', 'NP', 'VP', 'NP', 'NN', 'NN']	violence	False
1197	['VP', 'ADVP', 'VBZ', 'PP', 'ADVP', 'RB', 'RB']	never	False
1198	['VBZ']	ends	False
1199	['PP', 'IN', 'NP', 'IN']	with	False
1200	['NP', 'NN', 'NN']	violence	False
1201	['ROOT', 'FRAG', 'FRAG', 'CC', 'ADVP', 'NP', '.', 'CC']	And	False
1202	['ADVP', 'RB', 'RB']	right	False
1203	['NP', 'NP', 'SBAR', '.', 'NP', 'NN', 'NN']	education	False
1204	['SBAR', 'S', 'S', 'VP', 'VP', 'VBZ', 'NP', 'VBZ']	is	True
1205	['NP', 'NP', 'PP', 'NP', 'DT', 'NN', 'DT']	the	False
1206	['NN']	basis	False
1207	['PP', 'IN', 'NP', 'IN']	of	False
1208	['NP', 'NN', 'NN']	everything	False
1209	['ROOT', 'S', 'S', 'S', 'NP', 'VP', '.', 'S', 'ADVP', 'ADVP', 'NP', 'VP', 'ADVP', 'RB', 'RB', 'RB']	Okay	True
1210	['RB']	so	False
1211	['ADVP', 'RB', 'RB']	therefore	False
1212	['NP', 'PRP', 'PRP']	you	False
1213	['VP', 'VBP', 'ADVP', 'PP', 'VBP']	know	False
1214	['ADVP', 'RB', 'RB']	basically	False
1215	['PP', 'IN', 'S', 'IN']	between	False
1216	['S', 'VP', 'VP', 'VBG', 'NP', 'VBG']	building	True
1217	['NP', 'NP', 'CC', 'NP', 'NP', 'DT', 'NN', 'CC', 'NN', 'DT']	a	False
1218	['NN']	nest	False
1219	['CC']	and	False
1220	['NN']	mating	False
1221	['CC']	and	False
1222	['NP', 'NP', 'PP', 'NP', 'DT', 'DT']	all	False
1223	['PP', 'IN', 'NP', 'IN']	of	False
1224	['NP', 'DT', 'JJ', 'NN', 'DT']	that	False
1225	['JJ']	other	False
1226	['NN']	stuff	False
1227	['NP', 'PRP', 'PRP']	you	False
1228	['VP', 'VBP', 'NP', 'SBAR', 'VBP']	know	False
1229	['NP', 'PRP', 'PRP']	they	False
1230	['SBAR', 'S', 'S', 'NP', 'VP', 'NP', 'PRP', 'PRP']	I	True
1231	['VP', 'MD', 'VP', 'MD']	would	False
1232	['VP', 'VB', 'SBAR', 'VB']	say	False
1233	['SBAR', 'IN', 'S', 'IN']	that	False
1234	['S', 'NP', 'VP', 'NP', 'PRP', 'PRP']	they	True
1235	['VP', 'VBP', 'NP', 'PP', 'S', 'VBP']	have	False
1236	['NP', 'CD', 'NNS', 'CD']	three	False
1237	['NNS']	months	False
1238	['PP', 'TO', 'TO']	to	False
1239	['S', 'VP', 'VP', 'TO', 'VP', 'TO']	to	True
1240	['VP', 'VP', 'CC', 'VP', 'VP', 'VB', 'VB']	grow	False
1241	['CC']	and	False
1242	['VP', 'VB', 'ADJP', 'VB']	get	False
1243	['ADJP', 'JJ', 'JJ']	ready	False
1244	['ROOT', 'INTJ', 'INTJ', 'UH', '.', 'UH']	Okay	False
1245	['ROOT', 'S', 'S', 'IN', 'NP', 'VP', '.', 'IN']	So	True
1246	['NP', 'PRP', 'PRP', 'VP', 'VBP', 'ADJP', 'VBP']	they're	False
1247	['ADJP', 'JJ', 'JJ']	big	False
1248	['ROOT', 'S', 'S', 'ADVP', 'NP', 'VP', '.', 'ADVP', 'RB', 'RB']	Now	True
1249	['NP', 'NP', 'VP', 'NP', 'DT', 'JJ', 'NN', 'DT']	the	False
1250	['JJ']	funny	False
1251	['NN']	thing	False
1252	['VP', 'VBZ', 'VBZ']	is	False
1253	['VP', 'VBZ', 'SBAR', 'VBZ']	is	False
1254	['SBAR', 'IN', 'FRAG', 'IN']	that	False
1255	['FRAG', 'PP', '.', 'PP', 'VBG', 'PP', 'VBG']	according	False
1256	['PP', 'TO', 'NP', 'TO']	to	False
1257	['NP', 'NP', 'ADJP', 'NP', 'NNP', 'NNP', 'NNP']	Mark	False
1258	['NNP']	Ryan	False
1259	['ADJP', 'RB', 'JJ', 'RB']	well	False
1260	['JJ']	hmm	False
1261	['ROOT', 'FRAG', 'FRAG', 'ADJP', 'SBAR', '.', 'ADJP', 'JJ', 'JJ']	Oh	False
1262	['SBAR', 'IN', 'S', '.', 'IN']	so	False
1263	['S', 'NP', 'VP', 'NP', 'PRP', 'PRP']	she	True
1264	['VP', 'VBD', 'RB', 'VP', 'VBD', 'RB']	didn't	False
1265	['VP', 'VB', 'NP', 'VB']	have	False
1266	['NP', 'NP', 'PP', 'NP', 'CD', 'CD']	one	False
1267	['PP', 'IN', 'NP', 'IN']	of	False
1268	['NP', 'NP', 'PP', 'NP', 'DT', 'JJ', 'NNS', 'DT']	those	False
1269	['JJ']	classic	False
1270	['NNS']	signs	False
1271	['PP', 'IN', 'NP', 'IN']	of	False
1272	['NP', 'NN', 'NN']	diabetes	False
1273	['ROOT', 'INTJ', 'INTJ', 'UH', '.', 'UH']	Tonight	False
1274	['ROOT', 'S', 'S', 'NP', 'VP', '.', '.', 'NP', 'PRP', 'PRP']	I	True
1275	['VP', 'VBP', 'RB', 'VP', 'VBP', 'RB']	don't	False
1276	['VP', 'VB', 'VB']	know	False
1277	['ROOT', 'S', 'S', 'NP', 'VP', '.', 'NP', 'DT', 'NN', 'DT']	No	True
1278	['NN']	I	False
1279	['VP', 'VBP', 'RB', 'VP', 'VBP', 'RB']	don't	False
1280	['VP', 'VB', 'FRAG', 'VB']	remember	False
1281	['FRAG', 'WHNP', '.', 'WHNP', 'WDT', 'WDT']	that	False
1282	['ROOT', 'S', 'S', 'ADVP', 'NP', 'VP', '.', 'ADVP', 'RB', 'RB']	Cathy	True
1283	['NP', 'PRP', 'PRP', 'VP', 'VBZ', 'PP', 'VBZ']	She's	False
1284	['PP', 'RB', 'FRAG', 'RB']	not	False
1285	['FRAG', 'NP', 'NP', '.', 'NP', 'DT', 'JJ', 'NN', 'DT']	a	False
1286	['JJ']	good	False
1287	['NN']	friend	False
1288	['NP', 'PRP', 'PRP']	herself	False
1289	['ROOT', 'S', 'S', 'NP', 'VP', '.', 'NP', 'PRP', 'PRP']	You	True
1290	['VP', 'VB', 'PP', '.', 'VB']	know	False
1291	['PP', 'IN', 'NP', 'IN']	on	False
1292	['NP', 'NP', 'PP', 'NP', 'NNP', 'NNP']	Sundays	False
1293	['PP', 'IN', 'NP', 'IN']	at	False
1294	['NP', 'CD', 'RB', 'CD']	ten	False
1295	['RB']	o'clock	False
1296	['ROOT', 'S', 'S', 'NP', 'VP', '.', 'NP', 'PRP', 'PRP']	I	True
1297	['VP', 'VBP', 'VBP']	know	False
1298	['ROOT', 'S', 'S', 'NP', 'VP', '.', 'NP', 'PRP', 'PRP']	You	True
1299	['VP', 'VBP', 'FRAG', 'VBP']	know	False
1300	['FRAG', 'SBAR', '.', 'SBAR', 'WHNP', 'S', 'WHNP', 'WP', 'WP']	what	False
1301	['S', 'NP', 'VP', 'NP', 'PRP', 'PRP']	I	True
1302	['VP', 'VBD', 'VP', 'VBD']	was	False
1303	['VP', 'VBG', 'PP', 'VBG']	thinking	False
1304	['PP', 'IN', 'S', 'IN']	of	False
1305	['S', 'VP', 'VP', 'VBG', 'VBG']	doing	True
1306	['ROOT', 'S', 'S', 'VP', '.', 'VP', 'VB', 'S', 'VB']	Let	True
1307	['S', 'NP', 'VP', 'NP', 'PRP', 'PRP']	me	True
1308	['VP', 'VB', 'VB']	see	False
1309	['ROOT', 'FRAG', 'FRAG', 'IN', 'SBAR', '.', 'IN']	If	False
1310	['SBAR', 'WHNP', 'S', '.', 'WHNP', 'WDT', 'WDT', 'S', 'VP', 'VP', 'VBZ', 'SBAR', 'VBZ']	that's	True
1311	['SBAR', 'WHADVP', 'S', 'WHADVP', 'WRB', 'WRB']	how	False
1312	['S', 'NP', 'VP', 'NP', 'PRP', 'PRP']	you	True
1313	['VP', 'VBP', 'NP', 'VBP']	do	False
1314	['NP', 'PRP', 'PRP']	it	False
1315	['ROOT', 'S', 'S', 'NP', 'VP', '.', 'NP', 'PRP', 'PRP']	I	True
1316	['VP', 'VBD', 'SBAR', '.', 'VBD']	said	False
1317	['SBAR', 'S', 'S', 'NP', 'VP', 'NP', 'PRP', 'PRP']	you	True
1318	['VP', 'VBP', 'SBAR', 'VBP']	know	False
1319	['SBAR', 'S', 'S', 'NP', 'VP', 'NP', 'PRP', 'PRP', 'VP', 'VBZ', 'ADJP', 'S', 'VBZ']	it's	True
1320	['ADJP', 'NP', 'JJ', 'NP', 'DT', 'RB', 'DT']	a	False
1321	['RB']	little	False
1322	['JJ']	difficult	False
1323	['S', 'VP', 'VP', 'VBG', 'NP', 'PP', 'VBG']	having	True
1324	['NP', 'CD', 'CD']	three	False
1325	['PP', 'IN', 'NP', 'IN']	in	False
1326	['NP', 'DT', 'JJ', 'NN', 'DT']	the	False
1327	['JJ']	same	False
1328	['NN']	bedroom	False
1329	['ROOT', 'S', 'S', 'NP', 'VP', '.', 'NP', 'NP', 'SBAR', 'NP', 'NN', 'NN']	um	True
1330	['SBAR', 'S', 'S', 'NP', 'VP', 'NP', 'PRP', 'PRP', 'VP', 'VBZ', 'VP', 'VBZ']	he's	True
1331	['VP', 'VBG', 'S', 'VBG', 'S', 'VP', 'VP', 'TO', 'VP', 'TO']	gonna	True
1332	['VP', 'VB', 'CC', 'VB', 'PP', 'VB']	try	False
1333	['CC']	and	False
1334	['VB']	focus	False
1335	['PP', 'IN', 'NP', 'IN']	on	False
1336	['NP', 'JJ', 'NNS', 'JJ']	little	False
1337	['NNS']	things	False
1338	['VP', 'VBP', 'FRAG', 'VBP']	cause	False
1339	['FRAG', 'SBAR', '.', 'SBAR', 'WHNP', 'S', 'WHNP', 'WDT', 'WDT', 'S', 'VP', 'VP', 'VBZ', 'NP', 'VBZ']	that's	True
1340	['NP', 'NP', 'SBAR', 'NP', 'DT', 'DT']	all	False
1341	['SBAR', 'S', 'S', 'NP', 'VP', 'NP', 'PRP', 'PRP']	he	True
1342	['VP', 'MD', 'VP', 'MD']	can	False
1343	['VP', 'VB', 'VB']	do	False
1344	['ROOT', 'S', 'S', 'NP', 'VP', '.', 'NP', 'PRP', 'PRP', 'VP', 'VBP', 'VP', 'VBP']	I've	True
1345	['VP', 'VBN', 'NP', 'ADVP', 'ADVP', 'SBAR', 'VBN']	got	False
1346	['NP', 'NN', 'NN', 'NN']	chicken	False
1347	['NN']	cacciatore	False
1348	['ADVP', 'RB', 'RB']	here	False
1349	['ADVP', 'RB', 'RB', 'RB']	too	False
1350	['RB']	honey	False
1351	['SBAR', 'IN', 'S', 'IN']	that	False
1352	['S', 'NP', 'VP', 'NP', 'PRP', 'PRP']	I	True
1353	['VP', 'MD', 'VP', 'MD']	can	False
1354	['VP', 'VB', 'PRT', 'PP', 'SBAR', 'VB']	heat	False
1355	['PRT', 'RP', 'RP']	up	False
1356	['PP', 'IN', 'NP', 'IN']	for	False
1357	['NP', 'PRP', 'PRP']	you	False
1358	['SBAR', 'IN', 'S', 'IN']	if	False
1359	['S', 'NP', 'VP', 'NP', 'PRP', 'PRP', 'VP', 'VBP', 'ADJP', 'VBP']	you're	True
1360	['ADJP', 'JJ', 'JJ']	hungry	False
1361	['ROOT', 'FRAG', 'FRAG', 'SBAR', '.', 'SBAR', 'IN', 'S', 'IN']	If	False
1362	['S', 'NP', 'VP', 'NP', 'PRP', 'PRP']	it	True
1363	['VP', 'VBZ', 'ADVP', 'VBZ']	takes	False
1364	['ADVP', 'ADVP', 'SBAR', 'ADVP', 'RB', 'RB', 'RB']	too	False
1365	['RB']	long	False
1366	['SBAR', 'IN', 'S', '.', 'IN']	for	False
1367	['S', 'NP', 'VP', 'NP', 'PRP', 'PRP']	me	True
1368	['VP', 'TO', 'VP', 'TO']	to	False
1369	['VP', 'VB', 'NP', 'VB']	make	False
1370	['NP', 'DT', 'NN', 'DT']	the	False
1371	['NN']	pizza	False
1372	['ROOT', 'S', 'S', 'NP', 'VP', '.', 'NP', 'PRP', 'PRP']	I	True
1373	['VP', 'VBP', 'RB', 'VP', 'VBP', 'RB']	don't	False
1374	['VP', 'VB', 'SBAR', 'VB']	know	False
1375	['SBAR', 'WHNP', 'S', 'WHNP', 'WP', 'WP']	what	False
1376	['S', 'NP', 'VP', 'NP', 'PRP', 'PRP', 'VP', 'VBZ', 'VP', 'VBZ']	he's	True
1377	['VP', 'VBG', 'S', 'VBG', 'S', 'VP', 'VP', 'TO', 'VP', 'TO']	gonna	True
1378	['VP', 'VB', 'VB']	do	False
1379	['ROOT', 'S', 'S', 'NP', 'VP', '.', 'NP', 'PRP', 'PRP']	He	True
1380	['VP', 'VBZ', 'S', 'VBZ']	wants	False
1381	['S', 'VP', 'VP', 'TO', 'VP', 'TO']	to	True
1382	['VP', 'VB', 'ADVP', 'NP', 'VB']	work	False
1383	['ADVP', 'RB', 'RB']	actually	False
1384	['NP', 'NNS', 'NNS']	features	False
1385	['ROOT', 'S', 'S', 'NP', 'VP', '.', '.', 'NP', 'PRP', 'PRP']	He	True
1386	['VP', 'VBZ', 'RB', 'ADVP', 'VP', 'VBZ', 'RB']	doesn't	False
1387	['ADVP', 'RB', 'RB']	really	False
1388	['VP', 'VB', 'S', 'VB', 'S', 'VP', 'VP', 'TO', 'VP', 'TO']	wanna	True
1389	['VP', 'VB', 'NP', 'VB']	do	False
1390	['NP', 'NN', 'NN']	TV	False
1391	['ROOT', 'S', 'S', 'PP', 'NP', 'VP', '.', 'PP', 'IN', 'NP', 'IN']	Because	True
1392	['NP', 'NNP', 'NNP']	uh	False
1393	['NP', 'PRP', 'PRP', 'VP', 'MD', 'ADVP', 'VP', 'MD']	they'll	False
1394	['ADVP', 'RB', 'RB']	really	False
1395	['VP', 'VB', 'VB']	climb	False
1396	['ROOT', 'S', 'S', 'CC', 'NP', 'VP', '.', 'CC']	And	True
1397	['NP', 'PRP', 'PRP']	they	False
1398	['VP', 'MD', 'VP', 'MD']	can	False
1399	['VP', 'VB', 'FRAG', 'VB']	go	False
1400	['FRAG', 'ADVP', 'ADVP', 'RB', 'RB', '.', 'RB']	fast	False
1401	['RB']	too	False
1402	['ROOT', 'S', 'S', 'NP', 'VP', '.', 'NP', 'NP', 'SBAR', 'NP', 'NN', 'NN']	Anyone	True
1403	['SBAR', 'WHNP', 'S', 'WHNP', 'WP', 'WP']	who	False
1404	['S', 'VP', 'VP', 'VBZ', 'PRT', 'S', 'VBZ']	sits	True
1405	['PRT', 'RP', 'RP']	down	False
1406	['S', 'VP', 'VP', 'TO', 'VP', 'TO']	to	True
1407	['VP', 'VB', 'NP', 'PP', 'VB']	write	False
1408	['NP', 'NP', 'PP', 'NP', 'DT', 'NN', 'DT']	a	False
1409	['NN']	book	False
1410	['PP', 'IN', 'NP', 'IN']	about	False
1411	['NP', 'NN', 'NN']	death	False
1412	['PP', 'IN', 'NP', 'IN']	with	False
1413	['NP', 'NP', 'PP', 'NP', 'DT', 'NNS', 'DT']	the	False
1414	['NNS']	hopes	False
1415	['PP', 'IN', 'S', 'IN']	of	False
1416	['S', 'VP', 'VP', 'VBG', 'NP', 'VBG']	enlightening	True
1417	['NP', 'PRP$', 'JJ', 'JJ', 'NNS', 'PRP$']	his	False
1418	['JJ']	fellow	False
1419	['JJ']	human	False
1420	['NNS']	beings	False
1421	['VP', 'VBZ', 'PP', 'VBZ']	is	False
1422	['PP', 'IN', 'NP', 'IN']	in	False
1423	['NP', 'NP', 'FRAG', 'NP', 'PRP$', 'NN', 'PRP$']	my	False
1424	['NN']	book	False
1425	['FRAG', 'NP', 'NP', 'DT', 'NN', '.', 'DT']	a	False
1426	['NN']	schmuck	False
1427	['ROOT', 'INTJ', 'INTJ', 'UH', 'PP', '.', 'UH']	Yeah	False
1428	['PP', 'IN', 'SBAR', 'IN']	but	False
1429	['SBAR', 'WHNP', 'S', 'WHNP', 'WDT', 'WDT', 'S', 'VP', 'VP', 'VBZ', 'ADVP', 'PP', 'VBZ']	that's	True
1430	['ADVP', 'RB', 'RB']	just	False
1431	['PP', 'IN', 'S', 'IN']	by	False
1432	['S', 'VP', 'VP', 'VBG', 'NP', 'VBG']	learning	True
1433	['NP', 'NNS', 'NNS']	tricks	False
1434	['ROOT', 'S', 'S', 'NP', 'VP', '.', 'NP', 'PRP', 'PRP']	I	True
1435	['VP', 'VBP', 'SBAR', 'VBP']	know	False
1436	['SBAR', 'WHNP', 'S', 'WHNP', 'WP', 'WP']	what	False
1437	['S', 'NP', 'VP', 'NP', 'DT', 'NNS', 'DT']	the	True
1438	['NNS']	tricks	False
1439	['VP', 'VBP', 'VBP']	are	False
1440	['ROOT', 'S', 'S', 'NP', 'VP', '.', 'NP', 'DT', 'DT', 'VP', 'VBZ', 'NP', 'VBZ']	That's	True
1441	['NP', 'NP', 'SBAR', 'NP', 'DT', 'DT']	all	False
1442	['SBAR', 'S', 'S', 'NP', 'VP', '.', 'NP', 'PRP', 'PRP']	you	True
1443	['VP', 'VBP', 'S', 'VBP']	need	False
1444	['S', 'VP', 'VP', 'TO', 'VP', 'TO']	to	True
1445	['VP', 'VB', 'VB']	know	False
1446	['ROOT', 'S', 'S', 'S', 'CC', 'S', '.', 'S', 'NP', 'VP', 'NP', 'PRP', 'CC', 'PRP', 'PRP']	Him	True
1447	['CC']	and	False
1448	['PRP']	her	False
1449	['VP', 'VBD', 'PRT', 'VBD']	pulled	False
1450	['PRT', 'RP', 'RP']	up	False
1451	['CC']	and	False
1452	['S', 'NP', 'VP', 'NP', 'PRP', 'PRP']	they	True
1453	['VP', 'VBD', 'PP', 'VBD']	were	False
1454	['PP', 'IN', 'NP', 'IN']	in	False
1455	['NP', 'DT', 'NN', 'DT']	the	False
1456	['NN']	van	False
1457	['ROOT', 'S', 'S', 'CC', 'NP', 'VP', '.', 'CC']	And	True
1458	['NP', 'PRP', 'PRP']	they	False
1459	['VP', 'VBD', 'S', 'VBD']	stopped	False
1460	['S', 'VP', 'VP', 'TO', 'VP', 'TO']	to	True
1461	['VP', 'VB', 'NP', 'VB']	ask	False
1462	['NP', 'NP', 'SBAR', 'NP', 'NNP', 'NNP']	Ron	False
1463	['SBAR', 'WHNP', 'S', 'WHNP', 'WP', 'WP']	what	False
1464	['S', 'VP', 'VP', 'VBD', 'VBD']	happened	True
1465	['ROOT', 'FRAG', 'FRAG', 'CC', 'ADVP', 'NP', '.', 'CC']	And	False
1466	['ADVP', 'RB', 'RB']	here	False
1467	['NP', 'NP', 'SBAR', '.', 'NP', 'DT', 'NN', 'DT']	another	False
1468	['NN']	car	False
1469	['SBAR', 'S', 'S', 'VP', 'VP', 'VP', 'CC', 'VP', 'VP', 'VBD', 'VBD']	came	True
1470	['CC']	and	False
1471	['VP', 'VBD', 'NP', 'VBD']	rearended	False
1472	['NP', 'NN', 'NN']	em	False
1473	['ROOT', 'S', 'S', 'CC', 'NP', 'VP', '.', 'CC']	But	True
1474	['NP', 'PRP', 'PRP', 'VP', 'VBP', 'ADJP', 'VBP']	I'm	False
1475	['ADJP', 'JJ', 'SBAR', 'JJ']	sure	False
1476	['SBAR', 'S', 'S', 'NP', 'VP', 'NP', 'DT', 'NNS', 'DT']	those	True
1477	['NNS']	guys	False
1478	['VP', 'VBP', 'NP', 'PP', 'VBP']	get	False
1479	['NP', 'NP', 'PP', 'NP', 'DT', 'NN', 'DT']	a	False
1480	['NN']	lot	False
1481	['PP', 'IN', 'NP', 'IN']	of	False
1482	['NP', 'NN', 'NN']	attention	False
1483	['PP', 'IN', 'NP', 'IN']	from	False
1484	['NP', 'NNS', 'NNS']	women	False
1485	['ROOT', 'S', 'S', 'NP', 'VP', '.', 'NP', 'PRP', 'PRP']	They	True
1486	['VP', 'VBP', 'NP', 'VBP']	travel	False
1487	['NP', 'NP', 'PP', 'NP', 'DT', 'DT']	all	False
1488	['PP', 'IN', 'NP', 'IN']	over	False
1489	['NP', 'DT', 'NN', 'DT']	the	False
1490	['NN']	world	False
1491	['ROOT', 'S', 'S', 'NP', 'VP', '.', 'NP', 'PRP', 'PRP', 'VP', 'VBP', 'ADJP', 'VBP']	I'm	True
1492	['ADJP', 'JJ', 'SBAR', 'JJ']	sure	False
1493	['SBAR', 'S', 'S', 'NP', 'VP', 'NP', 'NP', 'PP', 'NP', 'DT', 'NN', 'DT']	a	True
1494	['NN']	lot	False
1495	['PP', 'IN', 'NP', 'IN']	of	False
1496	['NP', 'NNS', 'NNS']	women	False
1497	['VP', 'VBP', 'NP', 'PP', 'ADVP', 'VBP']	throw	False
1498	['NP', 'PRP', 'PRP']	themselves	False
1499	['PP', 'IN', 'NP', 'IN']	at	False
1500	['NP', 'NN', 'NN']	em	False
1501	['ADVP', 'RB', 'SBAR', 'RB']	so	False
1502	['SBAR', 'WHNP', 'S', '.', 'WHNP', 'WDT', 'WDT', 'S', 'VP', 'VP', 'VBZ', 'SBAR', 'VBZ']	that's	True
1503	['SBAR', 'WHNP', 'S', 'WHNP', 'WP', 'WP']	what	False
1504	['S', 'NP', 'VP', 'NP', 'PRP', 'PRP']	they	True
1505	['VP', 'VBP', 'PP', 'VBP']	expect	False
1506	['PP', 'IN', 'NP', 'IN']	from	False
1507	['NP', 'NNS', 'NNS']	women	False
1508	['ROOT', 'FRAG', 'FRAG', 'RB', 'PP', '.', 'RB']	Not	False
1509	['PP', 'IN', 'NP', 'IN']	at	False
1510	['NP', 'DT', 'DT']	all	False
1511	['ROOT', 'S', 'S', 'NP', 'VP', '.', 'NP', 'PRP', 'PRP']	He	True
1512	['VP', 'VBD', 'S', 'VBD']	wanted	False
1513	['S', 'NP', 'VP', 'NP', 'PRP', 'PRP']	me	True
1514	['VP', 'TO', 'VP', 'TO']	to	False
1515	['VP', 'VB', 'NP', 'SBAR', 'FRAG', 'VB']	do	False
1516	['NP', 'DT', 'NN', 'DT']	the	False
1517	['NN']	job	False
1518	['SBAR', 'IN', 'S', 'IN']	so	False
1519	['S', 'NP', 'VP', 'NP', 'PRP', 'PRP']	he	True
1520	['VP', 'VBD', 'S', 'VBD']	offered	False
1521	['S', 'VP', 'VP', 'TO', 'VP', 'TO']	to	True
1522	['VP', 'VB', 'NP', 'PP', 'VB']	take	False
1523	['NP', 'NP', 'PP', 'NP', 'DT', 'DT']	some	False
1524	['PP', 'IN', 'NP', 'IN']	of	False
1525	['NP', 'DT', 'JJ', 'NN', 'DT']	the	False
1526	['JJ']	monitory	False
1527	['NN']	burden	False
1528	['PP', 'IN', 'NP', 'IN']	off	False
1529	['NP', 'PRP$', 'NN', 'PRP$']	my	False
1530	['NN']	back	False
1531	['FRAG', 'ADVP', 'SBAR', '.', 'ADVP', 'RB', 'RB']	so	False
1532	['SBAR', 'IN', 'S', 'IN']	that	False
1533	['S', 'NP', 'VP', 'NP', 'PRP', 'PRP']	I	True
1534	['VP', 'MD', 'VP', 'MD']	could	False
1535	['VP', 'VB', 'NP', 'PP', 'SBAR', 'VB']	do	False
1536	['NP', 'PRP', 'PRP']	it	False
1537	['PP', 'IN', 'NP', 'IN']	for	False
1538	['NP', 'DT', 'JJ', 'NNS', 'DT']	the	False
1539	['JJ']	agreed	False
1540	['NNS']	amounts	False
1541	['SBAR', 'IN', 'S', 'IN']	that	False
1542	['S', 'NP', 'VP', 'NP', 'PRP', 'PRP']	we	True
1543	['VP', 'VBD', 'VP', 'VBD']	were	False
1544	['VP', 'VBG', 'S', 'VBG', 'S', 'VP', 'VP', 'TO', 'VP', 'TO']	gonna	True
1545	['VP', 'VB', 'NP', 'PRT', 'VB']	do	False
1546	['NP', 'PRP', 'PRP']	it	False
1547	['PRT', 'RP', 'RP']	on	False
1548	['ROOT', 'S', 'S', 'IN', 'NP', 'VP', '.', 'IN']	so	True
1549	['NP', 'DT', 'NNS', 'DT']	those	False
1550	['NNS']	guys	False
1551	['VP', 'MD', 'RB', 'VP', 'MD', 'RB']	couldn't	False
1552	['VP', 'VB', 'NP', 'VB']	get	False
1553	['NP', 'PRP', 'PRP']	me	False
1554	['ROOT', 'S', 'S', 'VP', '.', 'VP', 'VB', 'SBAR', 'VB']	cause	True
1555	['SBAR', 'S', 'S', 'NP', 'VP', 'NP', 'PRP', 'PRP']	I	True
1556	['VP', 'VBD', 'ADJP', 'VBD']	was	False
1557	['ADJP', 'JJ', 'SBAR', 'JJ']	afraid	False
1558	['SBAR', 'S', 'S', 'NP', 'VP', 'NP', 'PRP', 'PRP']	I	True
1559	['VP', 'VBD', 'SBAR', 'VBD']	knew	False
1560	['SBAR', 'WHNP', 'S', 'WHNP', 'WP', 'WP']	what	False
1561	['S', 'VP', 'VP', 'VBD', 'VP', 'VBD']	was	True
1562	['VP', 'VBG', 'S', 'VBG', 'S', 'VP', 'VP', 'TO', 'VP', 'TO']	gonna	True
1563	['VP', 'VB', 'VB']	happen	False
1564	['ROOT', 'S', 'S', 'NP', 'VP', '.', '.', 'NP', 'DT', 'NNS', 'DT']	Those	True
1565	['NNS']	guys	False
1566	['VP', 'VBD', 'VP', 'VBD']	were	False
1567	['VP', 'VBG', 'S', 'VBG', 'S', 'VP', 'VP', 'TO', 'VP', 'TO']	gonna	True
1568	['VP', 'VB', 'NP', 'PRT', 'PP', 'VB']	beat	False
1569	['NP', 'DT', 'NN', 'DT']	the	False
1570	['NN']	tar	False
1571	['PRT', 'RP', 'RP']	out	False
1572	['PP', 'IN', 'NP', 'IN']	of	False
1573	['NP', 'PRP', 'PRP']	me	False
1574	['ROOT', 'FRAG', 'FRAG', 'ADJP', 'S', '.', 'ADJP', 'JJ', 'JJ']	Yeah	False
1575	['S', 'CC', 'ADVP', 'NP', 'VP', 'CC']	but	True
1576	['ADVP', 'RB', 'RB']	then	False
1577	['NP', 'PRP', 'PRP']	it	False
1578	['VP', 'MD', 'VP', 'MD']	would	False
1579	['VP', 'VB', 'VP', 'VB']	be	False
1580	['VP', 'VBG', 'S', 'VBG']	sitting	False
1581	['S', 'NP', 'VP', 'NP', 'EX', 'EX']	there	True
1582	['VP', 'VB', 'FRAG', 'VB']	sort	False
1583	['FRAG', 'PP', 'PP', 'IN', 'S', '.', 'IN']	of	False
1584	['S', 'VP', 'VP', 'VBG', 'CC', 'VBG', 'NP', 'PP', 'VBG']	decomposing	True
1585	['CC']	or	False
1586	['VBG']	doing	False
1587	['NP', 'PRP$', 'NN', 'PRP$']	its	False
1588	['NN']	thing	False
1589	['PP', 'RB', 'PP', 'CONJP', 'PP', 'RB']	all	False
1590	['PP', 'IN', 'NP', 'IN']	over	False
1591	['NP', 'DT', 'NN', 'DT']	the	False
1592	['NN']	lawn	False
1593	['CONJP', 'RB', 'IN', 'RB']	instead	False
1594	['IN']	of	False
1595	['PP', 'IN', 'NP', 'IN']	in	False
1596	['NP', 'DT', 'JJ', 'JJ', 'NN', 'NN', 'DT']	a	False
1597	['JJ']	nice	False
1598	['JJ']	little	False
1599	['NN']	compost	False
1600	['NN']	pile	False
1601	['ROOT', 'INTJ', 'INTJ', 'UH', '.', 'UH']	Oh	False
1602	['ROOT', 'INTJ', 'INTJ', 'UH', '.', 'UH']	Wow	False
1603	['ROOT', 'S', 'S', 'NP', 'VP', '.', 'NP', 'DT', 'DT']	This	True
1604	['VP', 'VBZ', 'ADJP', 'VBZ']	is	False
1605	['ADJP', 'JJ', 'JJ']	super	False
1606	['ROOT', 'S', 'S', 'ADVP', 'NP', 'VP', '.', 'ADVP', 'RB', 'RB']	Oh	True
1607	['NP', 'DT', 'DT']	this	False
1608	['VP', 'VBZ', 'ADJP', 'VBZ']	is	False
1609	['ADJP', 'JJ', 'JJ']	wonderful	False
1610	['ROOT', 'FRAG', 'FRAG', 'ADJP', '.', 'ADJP', 'JJ', '.', 'JJ']	Mm	False
1611	['ROOT', 'S', 'S', 'CC', 'NP', 'VP', '.', 'CC']	and	True
1612	['NP', 'PRP', 'PRP']	he	False
1613	['VP', 'VBD', 'UCP', 'VBD']	was	False
1614	['UCP', 'NP', 'CC', 'S', '.', 'NP', 'NP', 'PP', 'NP', 'DT', 'JJS', 'JJ', 'NN', 'DT']	the	False
1615	['JJS']	best	False
1616	['JJ']	like	False
1617	['NN']	guy	False
1618	['PP', 'IN', 'NP', 'IN']	out	False
1619	['NP', 'NP', 'PP', 'NP', 'RB', 'RB']	there	False
1620	['PP', 'IN', 'NP', 'IN']	at	False
1621	['NP', 'DT', 'NNPS', 'DT']	the	False
1622	['NNPS']	Olympics	False
1623	['CC']	or	False
1624	['S', 'NP', 'VP', 'NP', 'PRP', 'PRP']	you	True
1625	['VP', 'VBP', 'SBAR', 'VBP']	know	False
1626	['SBAR', 'S', 'S', 'NP', 'VP', 'NP', 'PRP', 'PRP']	he	True
1627	['VP', 'VBD', 'NP', 'VBD']	had	False
1628	['NP', 'NP', 'CC', 'NP', 'NP', 'NN', 'JJ', 'NN', 'NN']	g	False
1629	['JJ']	special	False
1630	['NN']	coverage	False
1631	['CC']	and	False
1632	['NP', 'JJ', 'NN', 'CC', 'NN', 'JJ']	special	False
1633	['NN']	protection	False
1634	['CC']	and	False
1635	['NN']	everything	False
1636	['ROOT', 'S', 'S', 'NP', 'VP', '.', 'NP', 'PRP', 'PRP']	I	True
1637	['VP', 'VBP', 'SBAR', 'VBP']	feel	False
1638	['SBAR', 'IN', 'S', 'IN']	like	False
1639	['S', 'S', 'VP', 'S', 'INTJ', 'NP', 'VP', 'INTJ', 'UH', 'UH']	uh	True
1640	['NP', 'PRP', 'PRP', 'VP', 'VBP', 'ADVP', 'PP', 'VBP']	we're	False
1641	['ADVP', 'RB', 'RB']	still	False
1642	['PP', 'IN', 'NP', 'IN']	in	False
1643	['NP', 'NP', 'PP', 'NP', 'DT', 'NN', 'DT']	a	False
1644	['NN']	pickle	False
1645	['PP', 'IN', 'NP', 'IN']	in	False
1646	['NP', 'NP', 'SBAR', 'NP', 'DT', 'NN', 'DT']	that	False
1647	['NN']	um	False
1648	['SBAR', 'S', 'S', 'NP', 'VP', 'NP', 'PRP', 'PRP', 'VP', 'VBZ', 'ADVP', 'NP', 'VBZ']	it's	True
1649	['ADVP', 'RB', 'RB']	just	False
1650	['NP', 'DT', 'NN', 'DT']	every	False
1651	['NN']	day	False
1652	['VP', 'VBZ', 'ADJP', 'VBZ']	is	False
1653	['ADJP', 'RB', 'JJ', 'RB']	so	False
1654	['JJ']	different	False
1655	['ROOT', 'S', 'S', 'CC', 'NP', 'VP', '.', 'CC']	and	True
1656	['NP', 'PRP', 'PRP']	I	False
1657	['VP', 'VBP', 'NP', 'PP', 'SBAR', 'VBP']	give	False
1658	['NP', 'NNS', 'NNS']	stickers	False
1659	['PP', 'TO', 'NP', 'TO']	to	False
1660	['NP', 'NP', 'CC', 'NP', 'NP', 'DT', 'NNS', 'DT']	the	False
1661	['NNS']	kids	False
1662	['CC']	and	False
1663	['NP', 'DT', 'NNS', 'DT']	the	False
1664	['NNS']	ones	False
1665	['SBAR', 'IN', 'SINV', 'IN']	that	False
1666	['SINV', 'VP', 'NP', 'S', '.', 'VP', 'VBD', 'VBD']	got	False
1667	['NP', 'NP', 'SBAR', 'NP', 'JJ', 'NNS', 'JJ']	good	False
1668	['NNS']	grades	False
1669	['SBAR', 'WHNP', 'S', 'WHNP', 'WDT', 'WDT']	that	False
1670	['S', 'VP', 'VP', 'VP', 'CC', 'VP', 'VP', 'VBD', 'NP', 'VBD']	got	True
1671	['NP', 'CD', 'NNS', 'CC', 'NNS', 'CD']	one	False
1672	['NNS']	hundreds	False
1673	['CC']	and	False
1674	['NNS']	ninety	False
1675	['NNS']	eights	False
1676	['CC']	and	False
1677	['VP', 'VBZ', 'VBZ']	ninety	False
1678	['VP', 'VBZ', 'VBZ']	sixes	False
1679	['S', 'NP', 'VP', 'NP', 'PRP', 'PRP']	I	True
1680	['VP', 'VBD', 'NP', 'PRT', 'PP', 'VBD']	put	False
1681	['NP', 'PRP$', 'NNS', 'PRP$']	their	False
1682	['NNS']	papers	False
1683	['PRT', 'RP', 'RP']	up	False
1684	['PP', 'IN', 'NP', 'IN']	on	False
1685	['NP', 'DT', 'NN', 'DT']	the	False
1686	['NN']	board	False
1687	['ROOT', 'S', 'S', 'NP', 'VP', '.', 'NP', 'NNP', 'NNP']	Um	True
1688	['VP', 'VBD', 'SBAR', 'VBD']	let	False
1689	['SBAR', 'S', 'S', 'NP', 'VP', 'NP', 'PRP', 'PRP']	me	True
1690	['VP', 'VBP', 'PP', 'VBP']	look	False
1691	['PP', 'IN', 'NP', 'IN']	for	False
1692	['NP', 'PRP', 'PRP']	it	False
1693	['ROOT', 'S', 'S', 'NP', 'VP', '.', 'NP', 'PRP', 'PRP', 'VP', 'VBZ', 'PP', 'VBZ']	It's	True
1694	['PP', 'IN', 'NP', 'IN']	in	False
1695	['NP', 'RB', 'RB']	here	False
1696	['ROOT', 'S', 'S', 'ADVP', 'NP', 'VP', '.', 'ADVP', 'RB', 'RB']	Cause	True
1697	['NP', 'PRP', 'PRP']	I	False
1698	['VP', 'VBD', 'NP', 'VBD']	circled	False
1699	['NP', 'PRP', 'PRP']	it	False
1700	['ROOT', 'S', 'S', 'ADVP', 'NP', 'VP', '.', 'ADVP', 'RB', 'RB']	Okay	True
1701	['NP', 'PRP', 'PRP']	it	False
1702	['VP', 'VBZ', 'NP', 'FRAG', 'VBZ']	costs	False
1703	['NP', 'CD', 'CD']	nine	False
1704	['FRAG', 'ADJP', '.', 'ADJP', 'JJ', 'JJ']	ninety	False
1705	['FRAG', 'ADJP', '.', 'ADJP', 'JJ', 'JJ']	nine	False
1706	['ROOT', 'FRAG', 'FRAG', 'SBAR', '.', 'SBAR', 'IN', 'SINV', 'IN']	Because	False
1707	['SINV', 'S', 'VP', 'NP', 'S', '.', 'S', 'INTJ', 'NP', 'ADVP', 'VP', 'INTJ', 'UH', 'UH']	uh	True
1708	['NP', 'PRP', 'PRP']	it	False
1709	['ADVP', 'RB', 'RB']	just	False
1710	['VP', 'VBZ', 'VBZ']	helps	False
1711	['VP', 'VBP', 'SBAR', 'VBP']	y	False
1712	['SBAR', 'IN', 'S', 'IN']	because	False
1713	['S', 'ADVP', 'NP', 'VP', 'ADVP', 'RB', 'RB']	otherwise	True
1714	['NP', 'PRP', 'PRP']	you	False
1715	['VP', 'VBP', 'PP', 'ADVP', 'VBP']	know	False
1716	['PP', 'IN', 'NP', 'IN']	with	False
1717	['NP', 'DT', 'JJ', 'NN', 'DT']	a	False
1718	['JJ']	grill	False
1719	['NN']	right	False
1720	['ADVP', 'RB', 'RB']	here	False
1721	['NP', 'PRP', 'PRP']	you	False
1722	['S', 'VP', 'VP', 'VB', 'PRT', 'S', 'VB']	end	True
1723	['PRT', 'RP', 'RP']	up	False
1724	['S', 'VP', 'VP', 'VBG', 'NP', 'PP', 'VBG']	having	True
1725	['NP', 'JJ', 'NNS', 'JJ']	cold	False
1726	['NNS']	spots	False
1727	['PP', 'IN', 'NP', 'IN']	on	False
1728	['NP', 'DT', 'NNS', 'DT']	the	False
1729	['NNS']	sides	False
1730	['ROOT', 'S', 'S', 'S', 'CC', 'S', '.', 'S', 'NP', 'VP', 'NP', 'PRP', 'PRP']	I	True
1731	['VP', 'VB', 'PRT', 'NP', 'VB']	muster	False
1732	['PRT', 'RP', 'RP']	up	False
1733	['NP', 'DT', 'NN', 'DT']	the	False
1734	['NN']	courage	False
1735	['CC']	and	False
1736	['S', 'NP', 'VP', 'NP', 'PRP', 'PRP']	I	True
1737	['VP', 'VBP', 'PP', 'VBP']	talk	False
1738	['PP', 'TO', 'NP', 'TO']	to	False
1739	['NP', 'NNP', 'NNP']	Windham	False
1740	['ROOT', 'S', 'S', 'CC', 'NP', 'VP', '.', 'CC']	And	True
1741	['NP', 'PRP', 'PRP']	you	False
1742	['VP', 'VBP', 'SBAR', 'VBP']	know	False
1743	['SBAR', 'WHNP', 'S', 'WHNP', 'WP', 'WP']	what	False
1744	['S', 'NP', 'VP', 'NP', 'PRP', 'PRP', 'VP', 'VBP', 'PP', 'VBP']	I'm	True
1745	['PP', 'IN', 'NP', 'IN']	like	False
1746	['NP', 'NN', 'NN']	wow	False
1747	['ROOT', 'S', 'S', 'NP', 'VP', '.', 'NP', 'DT', 'DT']	That	True
1748	['VP', 'VBZ', 'RB', 'NP', 'SBAR', 'VBZ', 'RB']	isn't	False
1749	['NP', 'NN', 'NN']	anything	False
1750	['SBAR', 'IN', 'S', '.', 'IN']	like	False
1751	['S', 'NP', 'VP', 'NP', 'PRP', 'PRP']	I	True
1752	['VP', 'VBD', 'VBD']	thought	False
1753	['ROOT', 'S', 'S', 'NP', 'VP', '.', 'NP', 'PRP', 'PRP']	I	True
1754	['VP', 'VBD', 'VP', 'VBD']	had	False
1755	['VP', 'VBN', 'PP', 'VBN']	tried	False
1756	['PP', 'TO', 'S', 'TO']	to	False
1757	['S', 'S', 'CC', 'S', 'CC', 'S', 'S', 'NP', 'VP', 'NP', 'PRP', 'PRP']	I	True
1758	['VP', 'VBP', 'VP', 'VBP']	have	False
1759	['VP', 'VBN', 'PP', 'VBN']	em	False
1760	['PP', 'IN', 'NP', 'IN']	in	False
1761	['NP', 'DT', 'NNS', 'DT']	some	False
1762	['NNS']	pillows	False
1763	['CC']	and	False
1764	['S', 'NP', 'VP', 'NP', 'DT', 'NNS', 'DT']	the	True
1765	['NNS']	pillows	False
1766	['VP', 'VBD', 'ADVP', 'VP', 'VBD']	had	False
1767	['ADVP', 'RB', 'RB']	finally	False
1768	['VP', 'VBN', 'NP', 'VBN']	had	False
1769	['NP', 'PRP', 'PRP']	it	False
1770	['CC']	and	False
1771	['S', 'NP', 'VP', '.', 'NP', 'PRP', 'PRP']	I	True
1772	['VP', 'VBD', 'SBAR', 'VBD']	thought	False
1773	['SBAR', 'S', 'S', 'NP', 'VP', 'NP', 'PRP', 'PRP']	you	True
1774	['VP', 'VBP', 'SBAR', 'VBP']	know	False
1775	['SBAR', 'S', 'S', 'NP', 'VP', 'NP', 'DT', 'DT']	this	True
1776	['VP', 'VBZ', 'NP', 'VBZ']	is	False
1777	['NP', 'PRP', 'PRP']	it	False
1778	['ROOT', 'S', 'S', 'ADVP', 'NP', 'VP', '.', 'ADVP', 'RB', 'RB']	Actually	True
1779	['NP', 'PRP', 'PRP']	I	False
1780	['VP', 'MD', 'VP', 'MD']	can	False
1781	['VP', 'VB', 'SBAR', 'VB']	cause	False
1782	['SBAR', 'S', 'S', 'NP', 'VP', 'NP', 'PRP$', 'NN', 'PRP$']	his	True
1783	['NN']	wife	False
1784	['VP', 'VBZ', 'SBAR', 'VBZ']	knows	False
1785	['SBAR', 'IN', 'S', 'IN']	that	False
1786	['S', 'NP', 'VP', 'NP', 'PRP', 'PRP', 'VP', 'VBP', 'NP', 'VBP']	we're	True
1787	['NP', 'NNS', 'NNS']	friends	False
1788	['ROOT', 'S', 'S', 'CC', 'NP', 'VP', '.', 'CC']	But	True
1789	['NP', 'PRP', 'PRP']	I	False
1790	['VP', 'VBP', 'RB', 'VP', 'VBP', 'RB']	don't	False
1791	['VP', 'VB', 'S', 'VB']	choose	False
1792	['S', 'VP', 'VP', 'TO', 'VP', 'TO']	to	True
1793	['VP', 'VB', 'NP', 'VB']	call	False
1794	['NP', 'PRP', 'PRP']	him	False
1795	['ROOT', 'S', 'S', 'NP', 'PP', 'VP', '.', 'NP', 'PRP', 'PRP']	He	True
1796	['PP', 'IN', 'NP', 'IN']	Like	False
1797	['NP', 'PRP', 'PRP']	he	False
1798	['VP', 'VBD', 'S', 'VBD']	used	False
1799	['S', 'VP', 'VP', 'TO', 'VP', 'TO']	to	True
1800	['VP', 'VB', 'PRT', 'NP', 'VB']	travel	False
1801	['PRT', 'RP', 'RP']	around	False
1802	['NP', 'DT', 'NN', 'DT']	the	False
1803	['NN']	country	False
1804	['ROOT', 'S', 'S', 'NP', 'VP', '.', 'NP', 'PRP', 'PRP', 'VP', 'VBP', 'VP', 'VBP']	I've	True
1805	['VP', 'VBN', 'S', 'VBN']	got	False
1806	['S', 'VP', 'VP', 'TO', 'VP', 'TO']	to	True
1807	['VP', 'VB', 'S', 'VB']	start	False
1808	['S', 'VP', 'VP', 'VBG', 'PRT', 'NP', 'ADVP', 'VBG']	working	True
1809	['PRT', 'RP', 'RP']	on	False
1810	['NP', 'PRP$', 'NN', 'NNS', 'PRP$']	my	False
1811	['NN']	grade	False
1812	['NNS']	cards	False
1813	['ADVP', 'RB', 'RB']	too	False
1814	['ROOT', 'S', 'S', 'ADVP', 'NP', 'VP', '.', 'ADVP', 'ADVP', 'SBAR', 'ADVP', 'RB', 'RB']	Just	True
1815	['SBAR', 'IN', 'S', 'IN']	so	False
1816	['S', 'NP', 'VP', 'NP', 'PRP', 'PRP']	I	True
1817	['VP', 'VBP', 'RB', 'VBP', 'RB']	don't	False
1818	['NP', 'PRP', 'PRP']	I	False
1819	['VP', 'MD', 'RB', 'VP', 'MD', 'RB']	won't	False
1820	['VP', 'VB', 'NP', 'VB']	get	False
1821	['NP', 'NP', 'FRAG', 'NP', 'NN', 'NN']	em	False
1822	['FRAG', 'NP', 'S', '.', 'NP', 'DT', 'DT']	all	False
1823	['S', 'VP', 'VP', 'VBN', 'NP', 'SBAR', 'VBN']	done	True
1824	['NP', 'NNP', 'NN', 'NNP']	Friday	False
1825	['NN']	afternoon	False
1826	['SBAR', 'IN', 'S', 'IN']	if	False
1827	['S', 'NP', 'VP', 'NP', 'PRP', 'PRP']	I	True
1828	['VP', 'VBP', 'RB', 'VP', 'VBP', 'RB']	don't	False
1829	['VP', 'VB', 'VP', 'VB']	get	False
1830	['VP', 'VBN', 'VBN']	started	False
1831	['ROOT', 'S', 'S', 'NP', 'ADVP', 'VP', '.', 'NP', 'PRP', 'PRP']	I	True
1832	['ADVP', 'RB', 'RB']	always	False
1833	['VP', 'VBD', 'SBAR', 'VBD']	said	False
1834	['SBAR', 'IN', 'S', 'IN']	that	False
1835	['S', 'SBAR', 'NP', 'VP', 'SBAR', 'IN', 'S', 'IN']	if	True
1836	['S', 'NP', 'VP', 'NP', 'PRP', 'PRP']	I	True
1837	['VP', 'VBD', 'NP', 'VBD']	had	False
1838	['NP', 'NNS', 'NNS']	children	False
1839	['NP', 'PRP', 'PRP']	I	False
1840	['VP', 'MD', 'ADVP', 'VP', 'MD']	would	False
1841	['ADVP', 'RB', 'RB']	always	False
1842	['VP', 'VB', 'SBAR', 'VB']	Especially	False
1843	['SBAR', 'IN', 'S', 'IN']	if	False
1844	['S', 'NP', 'VP', 'NP', 'PRP', 'PRP']	I	True
1845	['VP', 'VBD', 'NP', 'VBD']	had	False
1846	['NP', 'NP', 'SBAR', 'NP', 'DT', 'NN', 'DT']	a	False
1847	['NN']	son	False
1848	['SBAR', 'SBAR', 'SBAR', 'SBAR', 'S', 'S', 'NP', 'VP', 'NP', 'PRP', 'PRP']	I	True
1849	['VP', 'MD', 'VP', 'MD']	would	False
1850	['VP', 'VB', 'NP', 'VB']	hug	False
1851	['NP', 'PRP', 'PRP']	him	False
1852	['SBAR', 'RB', 'IN', 'S', '.', 'RB']	just	False
1853	['IN']	so	False
1854	['S', 'NP', 'VP', 'NP', 'PRP', 'PRP']	he	True
1855	['VP', 'VBD', 'SBAR', 'VBD']	knew	False
1856	['SBAR', 'IN', 'S', 'IN']	that	False
1857	['S', 'NP', 'VP', 'NP', 'PRP', 'PRP']	I	True
1858	['VP', 'VBD', 'NP', 'VBD']	loved	False
1859	['NP', 'PRP', 'PRP']	him	False
1860	['ROOT', 'INTJ', 'INTJ', 'UH', '.', 'UH']	Oh	False
1861	['ROOT', 'INTJ', 'INTJ', 'UH', '.', 'UH']	Yeah	False
1862	['ROOT', 'S', 'S', 'VP', '.', 'VP', 'VB', 'VB']	Mm	True
1863	['ROOT', 'S', 'S', 'VP', '.', 'VP', 'VB', 'NP', 'VB']	See	True
1864	['NP', 'NN', 'NN']	yeah	False
1865	['ROOT', 'S', 'S', 'ADVP', 'NP', 'VP', '.', 'ADVP', 'RB', 'RB']	Here	True
1866	['NP', 'PRP', 'PRP', 'VP', 'VBZ', 'NP', 'VBZ']	it's	False
1867	['NP', 'JJ', 'NNS', 'JJ']	absolute	False
1868	['NNS']	values	False
1869	['ROOT', 'FRAG', 'FRAG', 'ADVP', '.', 'ADVP', 'RB', 'RB', '.', 'RB']	Right	False
1870	['RB']	here	False
1871	['ROOT', 'S', 'S', 'ADVP', 'NP', 'VP', '.', 'ADVP', 'RB', 'RB']	Well	True
1872	['NP', 'DT', 'DT']	that	False
1873	['VP', 'VBD', 'NP', 'VBD']	was	False
1874	['NP', 'NN', 'NNS', 'NN']	age	False
1875	['NNS']	twelve	False
1876	['ROOT', 'S', 'S', 'IN', 'NP', 'VP', '.', 'IN']	So	True
1877	['NP', 'DT', 'DT']	that	False
1878	['VP', 'VBD', 'ADJP', 'VBD']	was	False
1879	['ADJP', 'RB', 'JJ', 'PP', 'SBAR', 'RB']	very	False
1880	['JJ']	close	False
1881	['PP', 'TO', 'NP', 'TO']	to	False
1882	['NP', 'NP', 'NN', 'NP', 'NNP', 'POS', 'NNP', 'POS']	Deven's	False
1883	['NN']	age	False
1884	['SBAR', 'WHADVP', 'S', '.', 'WHADVP', 'WRB', 'WRB']	when	False
1885	['S', 'NP', 'ADVP', 'VP', 'NP', 'PRP', 'PRP']	I	True
1886	['ADVP', 'NN', 'IN', 'NN']	sort	False
1887	['IN']	of	False
1888	['VP', 'VBD', 'NP', 'PP', 'VBD']	bit	False
1889	['NP', 'PRP$', 'NNS', 'PRP$']	my	False
1890	['NNS']	teeth	False
1891	['PP', 'IN', 'NP', 'IN']	into	False
1892	['NP', 'DT', 'NN', 'DT']	that	False
1893	['NN']	one	False
1894	['ROOT', 'S', 'S', 'VP', '.', 'VP', 'VB', 'PP', 'VB']	Kind	True
1895	['PP', 'IN', 'IN']	of	False
1896	['ROOT', 'S', 'S', 'NP', 'VP', '.', '.', 'NP', 'DT', 'S', 'DT']	A	True
1897	['S', 'NP', 'VP', 'NP', 'DT', 'NNS', 'DT']	a	True
1898	['NNS']	semi	False
1899	['VP', 'VP', 'CC', 'VP', 'VP', 'VBD', 'NP', 'VBD']	bumped	False
1900	['NP', 'DT', 'NN', 'DT']	a	False
1901	['NN']	car	False
1902	['CC']	and	False
1903	['VP', 'ADVP', 'VBD', 'CC', 'VBD', 'PP', 'ADVP', 'RB', 'RB']	then	False
1904	['VBD']	went	False
1905	['CC']	and	False
1906	['VBD']	went	False
1907	['PP', 'IN', 'NP', 'IN']	on	False
1908	['NP', 'NP', 'CC', 'NP', 'NP', 'CD', 'NNS', 'CD']	two	False
1909	['NNS']	wheels	False
1910	['CC']	and	False
1911	['NP', 'RB', 'RB', 'RB']	just	False
1912	['RB']	about	False
1913	['VP', 'VP', 'CC', 'ADVP', 'VP', 'VP', 'VBD', 'NP', 'VBD']	lost	False
1914	['NP', 'PRP', 'PRP']	it	False
1915	['CC']	and	False
1916	['ADVP', 'RB', 'RB']	then	False
1917	['VP', 'VBD', 'ADVP', 'PP', 'VBD']	got	False
1918	['ADVP', 'RB', 'RB', 'RB']	back	False
1919	['RB']	up	False
1920	['PP', 'IN', 'NP', 'IN']	on	False
1921	['NP', 'NP', 'ADVP', 'NP', 'PDT', 'DT', 'PRP$', 'NNS', 'PDT']	all	False
1922	['DT']	all	False
1923	['PRP$']	its	False
1924	['NNS']	wheels	False
1925	['ADVP', 'RB', 'RB']	again	False
1926	['ROOT', 'S', 'S', 'NP', 'VP', '.', 'NP', 'PRP', 'PRP', 'VP', 'VBZ', 'NP', 'VBZ']	He's	True
1927	['NP', 'NP', 'SBAR', 'NP', 'DT', 'JJ', 'NN', 'NN', 'DT']	a	False
1928	['JJ']	young	False
1929	['NN']	attorney	False
1930	['NN']	um	False
1931	['SBAR', 'S', 'S', 'NP', 'VP', 'NP', 'PRP', 'PRP', 'VP', 'VBZ', 'PP', 'VBZ']	he's	True
1932	['PP', 'IN', 'NP', 'IN']	with	False
1933	['NP', 'NP', 'SBAR', 'NP', 'NP', 'NN', 'NP', 'NN', 'NN', 'NP', 'DT', 'JJ', 'NN', 'POS', 'DT']	the	False
1934	['JJ']	public	False
1935	['NN', 'POS']	defender's	False
1936	['NN']	office	False
1937	['NP', 'PRP', 'POS', 'PRP', 'POS']	he's	False
1938	['NN']	um	False
1939	['NN']	w	False
1940	['SBAR', 'WHADVP', 'S', 'WHADVP', 'WRB', 'WRB']	when	False
1941	['S', 'NP', 'VP', 'NP', 'PRP', 'PRP']	we	True
1942	['VP', 'VBD', 'NP', 'VBD']	had	False
1943	['NP', 'NP', 'FRAG', 'NP', 'DT', 'NN', 'DT']	the	False
1944	['NN']	case	False
1945	['FRAG', 'NP', '.', 'NP', 'NP', 'SBAR', 'NP', 'DT', 'JJ', 'NN', 'DT']	the	False
1946	['JJ']	last	False
1947	['NN']	time	False
1948	['SBAR', 'S', 'S', 'NP', 'VP', 'NP', 'PRP', 'PRP']	it	True
1949	['VP', 'VBD', 'NP', 'VBD']	was	False
1950	['NP', 'DT', 'JJ', 'NN', 'DT']	a	False
1951	['JJ']	different	False
1952	['NN']	attorney	False
1953	['ROOT', 'S', 'S', 'S', '.', 'S', 'INTJ', 'NP', 'VP', 'INTJ', 'UH', 'UH', 'UH']	Okay	True
1954	['UH']	uh	False
1955	['NP', 'PRP', 'PRP', 'VP', 'VBZ', 'NP', 'VBZ']	it's	False
1956	['NP', 'NP', 'SBAR', 'NP', 'DT', 'NN', 'DT']	a	False
1957	['NN']	law	False
1958	['SBAR', 'WHNP', 'S', 'WHNP', 'WP', 'WP', 'S', 'VP', 'VP', 'VBZ', 'VP', 'VBZ']	Who's	True
1959	['VP', 'VBN', 'S', 'VBN']	supposed	False
1960	['S', 'VP', 'VP', 'TO', 'VP', 'TO']	to	True
1961	['VP', 'VB', 'NP', 'VB']	do	False
1962	['NP', 'DT', 'DT']	this	False
1963	['ROOT', 'NP', 'NP', 'NP', '.', 'NP', 'NP', 'CC', 'NP', 'CC', 'NP', 'NP', 'DT', 'NN', 'DT']	The	False
1964	['NN']	buyer	False
1965	['CC']	or	False
1966	['NP', 'DT', 'NX', 'DT']	the	False
1967	['NX', 'NX', 'CC', 'NX', 'NNS', 'NNS']	seller	False
1968	['CC']	or	False
1969	['CC']	or	False
1970	['NP', 'WP', 'WP']	what	False
1971	['ROOT', 'S', 'S', 'NP', 'VP', '.', '.', 'NP', 'PRP', 'PRP']	I	True
1972	['VP', 'VBP', 'RB', 'VP', 'VBP', 'RB']	don't	False
1973	['VP', 'VB', 'VB']	know	False
1974	['ROOT', 'S', 'S', 'NP', 'VP', '.', 'NP', 'NP', 'VP', 'NP', 'NP', '-LRB-', 'NP', '-RRB-', 'NP', 'NP', 'SBAR', 'NP', 'DT', 'DT', 'NN', 'DT']	The	True
1975	['DT']	The	False
1976	['NN']	way	False
1977	['SBAR', 'IN', 'S', 'IN']	that	False
1978	['S', 'NP', 'VP', 'NP', 'PRP$', 'NN', 'PRP$']	your	True
1979	['NN']	testimony	False
1980	['VP', 'VBZ', 'VBZ']	is	False
1981	['VP', 'VBG', 'PP', 'VBG']	coming	False
1982	['PP', 'IN', 'NP', 'IN']	in	False
1983	['NP', 'PRP', 'PRP']	I	False
1984	['VP', 'VBP', 'RB', 'VP', 'VBP', 'RB']	don't	False
1985	['VP', 'VB', 'SBAR', 'VB']	know	False
1986	['SBAR', 'IN', 'S', 'IN']	if	False
1987	['S', 'NP', 'VP', 'NP', 'PRP', 'PRP']	I	True
1988	['VP', 'VBD', 'NP', 'PP', 'PP', 'VBD']	explained	False
1989	['NP', 'DT', 'DT']	this	False
1990	['PP', 'TO', 'NP', 'TO']	to	False
1991	['NP', 'PRP', 'PRP']	you	False
1992	['PP', 'IN', 'NP', 'IN']	on	False
1993	['NP', 'DT', 'NN', 'DT']	the	False
1994	['NN']	phone	False
1995	['ROOT', 'FRAG', 'FRAG', 'ADJP', '.', 'ADJP', 'JJ', '.', 'JJ']	Hmm	False
1996	['ROOT', 'S', 'S', 'S', 'NP', 'VP', '.', 'S', 'VP', 'VP', 'VBZ', 'SBAR', 'VBZ']	is	True
1997	['SBAR', 'WHADVP', 'S', 'WHADVP', 'WRB', 'WRB']	when	False
1998	['S', 'NP', 'VP', 'NP', 'DT', 'NN', 'DT']	a	True
1999	['NN']	person	False
2000	['VP', 'VBZ', 'VP', 'VBZ']	is	False
2001	['VP', 'VBN', 'PP', 'VBN']	charged	False
2002	['PP', 'IN', 'NP', 'IN']	with	False
2003	['NP', 'JJ', 'NNS', 'CC', 'NN', 'JJ']	multiple	False
2004	['NNS']	crimes	False
2005	['CC']	and	False
2006	['NN']	um	False
2007	['NP', 'EX', 'EX']	there	False
2008	['VP', 'VBP', 'ADJP', 'VBP']	are	False
2009	['ADJP', 'ADJP', 'SBAR', 'ADJP', 'JJ', 'JJ', 'JJ']	other	False
2010	['JJ']	incidences	False
2011	['SBAR', 'WHADVP', 'S', '.', 'WHADVP', 'WRB', 'WRB']	where	False
2012	['S', 'NP', 'VP', 'NP', 'PRP', 'PRP']	he	True
2013	['VP', 'VBD', 'PP', 'VBD']	acted	False
2014	['PP', 'IN', 'NP', 'IN']	in	False
2015	['NP', 'DT', 'JJ', 'NN', 'DT']	the	False
2016	['JJ']	same	False
2017	['NN']	way	False
